Word,Pronunciation,Tag,PlaceOfArticulation
canoe,K-AH0-N-UW1,C-V0-C-V1,velar-tongue-alveolar-tongue
smooth,S-M-UW1-DH,C-C-V1-C,alveolar-bilabial-tongue-interdental
slid,S-L-IH1-D,C-C-V1-C,alveolar-lateral-tongue-alveolar
on,AA1-N,V1-C,tongue-alveolar
planks,P-L-AE1-NG-K-S,C-C-V1-C-C-C,bilabial-lateral-tongue-velar-velar-alveolar
glue,G-L-UW1,C-C-V1,velar-lateral-tongue
sheet,SH-IY1-T,C-V1-C,palatoalveolar-tongue-alveolar
dark,D-AA1-R-K,C-V1-C-C,alveolar-tongue-alveolar-velar
blue,B-L-UW1,C-C-V1,bilabial-lateral-tongue
background,B-AE1-K-G-R-AW2-N-D,C-V1-C-C-C-VV2-C-C,bilabial-tongue-velar-velar-alveolar-tongue-alveolar-alveolar
it's,IH1-T-S,V1-C-C,tongue-alveolar-alveolar
easy,IY1-Z-IY0,V1-C-V0,tongue-alveolar-tongue
to,T-UW1,C-V1,alveolar-tongue
tell,T-EH1-L,C-V1-C,alveolar-tongue-lateral
of,AH1-V,V1-C,tongue-labiodental
these,DH-IY1-Z,C-V1-C,interdental-tongue-alveolar
leg,L-EH1-G,C-V1-C,lateral-tongue-velar
is,IH1-Z,V1-C,tongue-alveolar
dish,D-IH1-SH,C-V1-C,alveolar-tongue-palatoalveolar
often,AO1-F-AH0-N,VV1-C-V0-C,tongue-labiodental-tongue-alveolar
in,IH0-N,V0-C,tongue-alveolar
juice,JH-UW1-S,C-V1-C,palatoalveolar-tongue-alveolar
lemons,L-EH1-M-AH0-N-Z,C-V1-C-V0-C-C,lateral-tongue-bilabial-tongue-alveolar-alveolar
punch,P-AH1-N-CH,C-V1-C-C,bilabial-tongue-alveolar-palatoalveolar
parked,P-AA1-R-K-T,C-V1-C-C-C,bilabial-tongue-alveolar-velar-alveolar
the,DH-AH0,C-V0,interdental-tongue
fed,F-EH1-D,C-V1-C,labiodental-tongue-alveolar
chopped,CH-AA1-P-T,C-V1-C-C,palatoalveolar-tongue-bilabial-alveolar
corn,K-AO1-R-N,C-VV1-C-C,velar-tongue-alveolar-alveolar
garbage,G-AA1-R-B-IH0-JH,C-V1-C-C-V0-C,velar-tongue-alveolar-bilabial-tongue-palatoalveolar
hogs,HH-AA1-G-Z,C-V1-C-C,pharyngeal-tongue-velar-alveolar
and,AH0-N-D,V0-C-C,tongue-alveolar-alveolar
four,F-AO1-R,C-VV1-C,labiodental-tongue-alveolar
steady,S-T-EH1-D-IY0,C-C-V1-C-V0,alveolar-alveolar-tongue-alveolar-tongue
us,AH1-S,V1-C,tongue-alveolar
large,L-AA1-R-JH,C-V1-C-C,lateral-tongue-alveolar-palatoalveolar
stockings,S-T-AA1-K-IH0-NG-Z,C-C-V1-C-V0-C-C,alveolar-alveolar-tongue-velar-tongue-velar-alveolar
sell,S-EH1-L,C-V1-C,alveolar-tongue-lateral
hard,HH-AA1-R-D,C-V1-C-C,pharyngeal-tongue-alveolar-alveolar
there,DH-EH1-R,C-V1-C,interdental-tongue-alveolar
sun,S-AH1-N,C-V1-C,alveolar-tongue-alveolar
used,Y-UW1-Z-D,C-V1-C-C,velar-tongue-alveolar-alveolar
catch,K-AE1-CH,C-V1-C,velar-tongue-palatoalveolar
pink,P-IH1-NG-K,C-V1-C-C,bilabial-tongue-velar-velar
salmon,S-AE1-M-AH0-N,C-V1-C-V0-C,alveolar-tongue-bilabial-tongue-alveolar
huge,HH-Y-UW1-JH,C-C-V1-C,pharyngeal-velar-tongue-palatoalveolar
follow,F-AA1-L-OW0,C-V1-C-VV0,labiodental-tongue-lateral-tongue
ball,B-AO1-L,C-VV1-C,bilabial-tongue-lateral
get,G-EH1-T,C-V1-C,velar-tongue-alveolar
back,B-AE1-K,C-V1-C,bilabial-tongue-velar
feet,F-IY1-T,C-V1-C,labiodental-tongue-alveolar
pass,P-AE1-S,C-V1-C,bilabial-tongue-alveolar
evening,IY1-V-N-IH0-NG,V1-C-C-V0-C,tongue-labiodental-alveolar-tongue-velar
tea,T-IY1,C-V1,alveolar-tongue
lack,L-AE1-K,C-V1-C,lateral-tongue-velar
heat,HH-IY1-T,C-V1-C,pharyngeal-tongue-alveolar
soft,S-AA1-F-T,C-V1-C-C,alveolar-tongue-labiodental-alveolar
man's,M-AE1-N-Z,C-V1-C-C,bilabial-tongue-alveolar-alveolar
cushion,K-UH1-SH-AH0-N,C-V1-C-V0-C,velar-tongue-palatoalveolar-tongue-alveolar
fall,F-AO1-L,C-VV1-C,labiodental-tongue-lateral
salt,S-AO1-L-T,C-VV1-C-C,alveolar-tongue-lateral-alveolar
sea,S-IY1,C-V1,alveolar-tongue
booth,B-UW1-TH,C-V1-C,bilabial-tongue-interdental
bonds,B-AA1-N-D-Z,C-V1-C-C-C,bilabial-tongue-alveolar-alveolar-alveolar
fifty,F-IH1-F-T-IY0,C-V1-C-C-V0,labiodental-tongue-labiodental-alveolar-tongue
small,S-M-AO1-L,C-C-VV1-C,alveolar-bilabial-tongue-lateral
pup,P-AH1-P,C-V1-C,bilabial-tongue-bilabial
gnawed,N-AO1-D,C-VV1-C,alveolar-tongue-alveolar
sock,S-AA1-K,C-V1-C,alveolar-tongue-velar
fish,F-IH1-SH,C-V1-C,labiodental-tongue-palatoalveolar
bent,B-EH1-N-T,C-V1-C-C,bilabial-tongue-alveolar-alveolar
hook,HH-UH1-K,C-V1-C,pharyngeal-tongue-velar
pants,P-AE1-N-T-S,C-V1-C-C-C,bilabial-tongue-alveolar-alveolar-alveolar
button,B-AH1-T-AH0-N,C-V1-C-V0-C,bilabial-tongue-alveolar-tongue-alveolar
vest,V-EH1-S-T,C-V1-C-C,labiodental-tongue-alveolar-alveolar
far,F-AA1-R,C-V1-C,labiodental-tongue-alveolar
short,SH-AO1-R-T,C-VV1-C-C,palatoalveolar-tongue-alveolar-alveolar
stunned,S-T-AH1-N-D,C-C-V1-C-C,alveolar-alveolar-tongue-alveolar-alveolar
young,Y-AH1-NG,C-V1-C,velar-tongue-velar
beauty,B-Y-UW1-T-IY0,C-C-V1-C-V0,bilabial-velar-tongue-alveolar-tongue
view,V-Y-UW1,C-C-V1,labiodental-velar-tongue
two,T-UW1,C-V1,alveolar-tongue
tank,T-AE1-NG-K,C-V1-C-C,alveolar-tongue-velar-velar
full,F-UH1-L,C-V1-C,labiodental-tongue-lateral
useless,Y-UW1-S-L-AH0-S,C-V1-C-C-V0-C,velar-tongue-alveolar-lateral-tongue-alveolar
tall,T-AO1-L,C-VV1-C,alveolar-tongue-lateral
it,IH1-T,V1-C,tongue-alveolar
morning,M-AO1-R-N-IH0-NG,C-VV1-C-C-V0-C,bilabial-tongue-alveolar-alveolar-tongue-velar
pleasure,P-L-EH1-ZH-ER0,C-C-V1-C-V0,bilabial-lateral-tongue-palatoalveolar-tongue
your,Y-AO1-R,C-VV1-C,velar-tongue-alveolar
left,L-EH1-F-T,C-V1-C-C,lateral-tongue-labiodental-alveolar
path,P-AE1-TH,C-V1-C,bilabial-tongue-interdental
gas,G-AE1-S,C-V1-C,velar-tongue-alveolar
off,AO1-F,VV1-C,tongue-labiodental
mend,M-EH1-N-D,C-V1-C-C,bilabial-tongue-alveolar-alveolar
you,Y-UW1,C-V1,velar-tongue
before,B-IH0-F-AO1-R,C-V0-C-VV1-C,bilabial-tongue-labiodental-tongue-alveolar
badly,B-AE1-D-L-IY0,C-V1-C-C-V0,bilabial-tongue-alveolar-lateral-tongue
hung,HH-AH1-NG,C-V1-C,pharyngeal-tongue-velar
kittens,K-IH1-T-AH0-N-Z,C-V1-C-V0-C-C,velar-tongue-alveolar-tongue-alveolar-alveolar
cat,K-AE1-T,C-V1-C,velar-tongue-alveolar
response,R-IH0-S-P-AA1-N-S,C-V0-C-C-V1-C-C,alveolar-tongue-alveolar-bilabial-tongue-alveolar-alveolar
cooked,K-UH1-K-T,C-V1-C-C,velar-tongue-velar-alveolar
king,K-IH1-NG,C-V1-C,velar-tongue-velar
apart,AH0-P-AA1-R-T,V0-C-V1-C-C,tongue-bilabial-tongue-alveolar-alveolar
sharp,SH-AA1-R-P,C-V1-C-C,palatoalveolar-tongue-alveolar-bilabial
torn,T-AO1-R-N,C-VV1-C-C,alveolar-tongue-alveolar-alveolar
sickness,S-IH1-K-N-AH0-S,C-V1-C-C-V0-C,alveolar-tongue-velar-alveolar-tongue-alveolar
kept,K-EH1-P-T,C-V1-C-C,velar-tongue-bilabial-alveolar
shimmered,SH-IH1-M-ER0-D,C-V1-C-V0-C,palatoalveolar-tongue-bilabial-tongue-alveolar
hot,HH-AA1-T,C-V1-C,pharyngeal-tongue-alveolar
lift,L-IH1-F-T,C-V1-C-C,lateral-tongue-labiodental-alveolar
fence,F-EH1-N-S,C-V1-C-C,labiodental-tongue-alveolar-alveolar
seven,S-EH1-V-AH0-N,C-V1-C-V0-C,alveolar-tongue-labiodental-tongue-alveolar
books,B-UH1-K-S,C-V1-C-C,bilabial-tongue-velar-alveolar
at,AE1-T,V1-C,tongue-alveolar
plunge,P-L-AH1-N-JH,C-C-V1-C-C,bilabial-lateral-tongue-alveolar-palatoalveolar
hop,HH-AA1-P,C-V1-C,pharyngeal-tongue-bilabial
gang,G-AE1-NG,C-V1-C,velar-tongue-velar
store,S-T-AO1-R,C-C-VV1-C,alveolar-alveolar-tongue-alveolar
mesh,M-EH1-SH,C-V1-C,bilabial-tongue-palatoalveolar
keeps,K-IY1-P-S,C-V1-C-C,velar-tongue-bilabial-alveolar
chicks,CH-IH1-K-S,C-V1-C-C,palatoalveolar-tongue-velar-alveolar
inside,IH2-N-S-AY1-D,V2-C-C-VV1-C,tongue-alveolar-alveolar-tongue-alveolar
air,EH1-R,V1-C,tongue-alveolar
passed,P-AE1-S-T,C-V1-C-C,bilabial-tongue-alveolar-alveolar
adding,AE1-D-IH0-NG,V1-C-V0-C,tongue-alveolar-tongue-velar
fast,F-AE1-S-T,C-V1-C-C,labiodental-tongue-alveolar-alveolar
sums,S-AH1-M-Z,C-V1-C-C,alveolar-tongue-bilabial-alveolar
leads,L-IY1-D-Z,C-V1-C-C,lateral-tongue-alveolar-alveolar
flop,F-L-AA1-P,C-C-V1-C,labiodental-lateral-tongue-bilabial
start,S-T-AA1-R-T,C-C-V1-C-C,alveolar-alveolar-tongue-alveolar-alveolar
saw,S-AO1,C-VV1,alveolar-tongue
moved,M-UW1-V-D,C-V1-C-C,bilabial-tongue-labiodental-alveolar
march,M-AA1-R-CH,C-V1-C-C,bilabial-tongue-alveolar-palatoalveolar
past,P-AE1-S-T,C-V1-C-C,bilabial-tongue-alveolar-alveolar
next,N-EH1-K-S-T,C-V1-C-C-C,alveolar-tongue-velar-alveolar-alveolar
sugar,SH-UH1-G-ER0,C-V1-C-V0,palatoalveolar-tongue-velar-tongue
fudge,F-AH1-JH,C-V1-C,labiodental-tongue-palatoalveolar
cup,K-AH1-P,C-V1-C,velar-tongue-bilabial
near,N-IH1-R,C-V1-C,alveolar-tongue-alveolar
porch,P-AO1-R-CH,C-VV1-C-C,bilabial-tongue-alveolar-palatoalveolar
steps,S-T-EH1-P-S,C-C-V1-C-C,alveolar-alveolar-tongue-bilabial-alveolar
lost,L-AO1-S-T,C-VV1-C-C,lateral-tongue-alveolar-alveolar
storm,S-T-AO1-R-M,C-C-VV1-C-C,alveolar-alveolar-tongue-alveolar-bilabial
pencil,P-EH1-N-S-AH0-L,C-V1-C-C-V0-C,bilabial-tongue-alveolar-alveolar-tongue-lateral
use,Y-UW1-S,C-V1-C,velar-tongue-alveolar
half,HH-AE1-F,C-V1-C,pharyngeal-tongue-labiodental
hardware,HH-AA1-R-D-W-EH2-R,C-V1-C-C-C-V2-C,pharyngeal-tongue-alveolar-alveolar-labiovelar-tongue-alveolar
he,HH-IY1,C-V1,pharyngeal-tongue
clock,K-L-AA1-K,C-C-V1-C,velar-lateral-tongue-velar
period,P-IH1-R-IY0-AH0-D,C-V1-C-V0-V0-C,bilabial-tongue-alveolar-tongue-tongue-alveolar
mark,M-AA1-R-K,C-V1-C-C,bilabial-tongue-alveolar-velar
cut,K-AH1-T,C-V1-C,velar-tongue-alveolar
field,F-IY1-L-D,C-V1-C-C,labiodental-tongue-lateral-alveolar
cars,K-AA1-R-Z,C-V1-C-C,velar-tongue-alveolar-alveolar
busses,B-AH1-S-AH0-Z,C-V1-C-V0-C,bilabial-tongue-alveolar-tongue-alveolar
stalled,S-T-AO1-L-D,C-C-VV1-C-C,alveolar-alveolar-tongue-lateral-alveolar
set,S-EH1-T,C-V1-C,alveolar-tongue-alveolar
hit,HH-IH1-T,C-V1-C,pharyngeal-tongue-alveolar
floor,F-L-AO1-R,C-C-VV1-C,labiodental-lateral-tongue-alveolar
season,S-IY1-Z-AH0-N,C-V1-C-V0-C,alveolar-tongue-alveolar-tongue-alveolar
this,DH-IH1-S,C-V1-C,interdental-tongue-alveolar
dune,D-UW1-N,C-V1-C,alveolar-tongue-alveolar
edge,EH1-JH,V1-C,tongue-palatoalveolar
cue,K-Y-UW1,C-C-V1,velar-velar-tongue
leave,L-IY1-V,C-V1-C,lateral-tongue-labiodental
actor,AE1-K-T-ER0,V1-C-C-V0,tongue-velar-alveolar-tongue
yacht,Y-AA1-T,C-V1-C,velar-tongue-alveolar
into,IH1-N-T-UW0,V1-C-C-V0,tongue-alveolar-alveolar-tongue
met,M-EH1-T,C-V1-C,bilabial-tongue-alveolar
sand,S-AE1-N-D,C-V1-C-C,alveolar-tongue-alveolar-alveolar
ink,IH1-NG-K,V1-C-C,tongue-velar-velar
finished,F-IH1-N-IH0-SH-T,C-V1-C-V0-C-C,labiodental-tongue-alveolar-tongue-palatoalveolar-alveolar
seized,S-IY1-Z-D,C-V1-C-C,alveolar-tongue-alveolar-alveolar
sixteen,S-IH0-K-S-T-IY1-N,C-V0-C-C-C-V1-C,alveolar-tongue-velar-alveolar-alveolar-tongue-alveolar
lease,L-IY1-S,C-V1-C,lateral-tongue-alveolar
pet,P-EH1-T,C-V1-C,bilabial-tongue-alveolar
horn,HH-AO1-R-N,C-VV1-C-C,pharyngeal-tongue-alveolar-alveolar
car,K-AA1-R,C-V1-C,velar-tongue-alveolar
cop,K-AA1-P,C-V1-C,velar-tongue-bilabial
beat,B-IY1-T,C-V1-C,bilabial-tongue-alveolar
heart,HH-AA1-R-T,C-V1-C-C,pharyngeal-tongue-alveolar-alveolar
thin,TH-IH1-N,C-V1-C,interdental-tongue-alveolar
attacked,AH0-T-AE1-K-T,V0-C-V1-C-C,tongue-alveolar-tongue-velar-alveolar
big,B-IH1-G,C-V1-C,bilabial-tongue-velar
force,F-AO1-R-S,C-VV1-C-C,labiodental-tongue-alveolar-alveolar
task,T-AE1-S-K,C-V1-C-C,alveolar-tongue-alveolar-velar
see,S-IY1,C-V1,alveolar-tongue
glaring,G-L-EH1-R-IH0-NG,C-C-V1-C-V0-C,velar-lateral-tongue-alveolar-tongue-velar
scared,S-K-EH1-R-D,C-C-V1-C-C,alveolar-velar-tongue-alveolar-alveolar
more,M-AO1-R,C-VV1-C,bilabial-tongue-alveolar
factors,F-AE1-K-T-ER0-Z,C-V1-C-C-V0-C,labiodental-tongue-velar-alveolar-tongue-alveolar
here,HH-IY1-R,C-V1-C,pharyngeal-tongue-alveolar
hat,HH-AE1-T,C-V1-C,pharyngeal-tongue-alveolar
too,T-UW1,C-V1,alveolar-tongue
lose,L-UW1-Z,C-V1-C,lateral-tongue-alveolar
his,HH-IH1-Z,C-V1-C,pharyngeal-tongue-alveolar
parts,P-AA1-R-T-S,C-V1-C-C-C,bilabial-tongue-alveolar-alveolar-alveolar
men,M-EH1-N,C-V1-C,bilabial-tongue-alveolar
but,B-AH1-T,C-V1-C,bilabial-tongue-alveolar
seldom,S-EH1-L-D-AH0-M,C-V1-C-C-V0-C,alveolar-tongue-lateral-alveolar-tongue-bilabial
always,AO1-L-W-EY2-Z,VV1-C-C-VV2-C,tongue-lateral-labiovelar-tongue-alveolar
barn,B-AA1-R-N,C-V1-C-C,bilabial-tongue-alveolar-alveolar
door,D-AO1-R,C-VV1-C,alveolar-tongue-alveolar
slush,S-L-AH1-SH,C-C-V1-C,alveolar-lateral-tongue-palatoalveolar
deep,D-IY1-P,C-V1-C,alveolar-tongue-bilabial
along,AH0-L-AO1-NG,V0-C-VV1-C,tongue-lateral-tongue-velar
costs,K-AA1-S-T-S,C-V1-C-C-C,velar-tongue-alveolar-alveolar-alveolar
eggs,EH1-G-Z,V1-C-C,tongue-velar-alveolar
than,DH-AE1-N,C-V1-C,interdental-tongue-alveolar
fin,F-IH1-N,C-V1-C,labiodental-tongue-alveolar
dull,D-AH1-L,C-V1-C,alveolar-tongue-lateral
stupid,S-T-UW1-P-AH0-D,C-C-V1-C-V0-C,alveolar-alveolar-tongue-bilabial-tongue-alveolar
seems,S-IY1-M-Z,C-V1-C-C,alveolar-tongue-bilabial-alveolar
stop,S-T-AA1-P,C-C-V1-C,alveolar-alveolar-tongue-bilabial
sinking,S-IH1-NG-K-IH0-NG,C-V1-C-C-V0-C,alveolar-tongue-velar-velar-tongue-velar
ended,EH1-N-D-AH0-D,V1-C-C-V0-C,tongue-alveolar-alveolar-tongue-alveolar
june,JH-UW1-N,C-V1-C,palatoalveolar-tongue-alveolar
that,DH-AE1-T,C-V1-C,interdental-tongue-alveolar
tusk,T-AH1-S-K,C-V1-C-C,alveolar-tongue-alveolar-velar
costly,K-AA1-S-T-L-IY0,C-V1-C-C-C-V0,velar-tongue-alveolar-alveolar-lateral-tongue
gifts,G-IH1-F-T-S,C-V1-C-C-C,velar-tongue-labiodental-alveolar-alveolar
ten,T-EH1-N,C-V1-C,alveolar-tongue-alveolar
pins,P-IH1-N-Z,C-V1-C-C,bilabial-tongue-alveolar-alveolar
order,AO1-R-D-ER0,VV1-C-C-V0,tongue-alveolar-alveolar-tongue
every,EH1-V-ER0-IY0,V1-C-V0-V0,tongue-labiodental-tongue-tongue
also,AO1-L-S-OW0,VV1-C-C-VV0,tongue-lateral-alveolar-tongue
gives,G-IH1-V-Z,C-V1-C-C,velar-tongue-labiodental-alveolar
cats,K-AE1-T-S,C-V1-C-C,velar-tongue-alveolar-alveolar
dogs,D-AA1-G-Z,C-V1-C-C,alveolar-tongue-velar-alveolar
each,IY1-CH,V1-C,tongue-palatoalveolar
other,AH1-DH-ER0,V1-C-V0,tongue-interdental-tongue
began,B-IH0-G-AE1-N,C-V0-C-V1-C,bilabial-tongue-velar-tongue-alveolar
new,N-UW1,C-V1,alveolar-tongue
glass,G-L-AE1-S,C-C-V1-C,velar-lateral-tongue-alveolar
add,AE1-D,V1-C,tongue-alveolar
sum,S-AH1-M,C-V1-C,alveolar-tongue-bilabial
thieves,TH-IY1-V-Z,C-V1-C-C,interdental-tongue-labiodental-alveolar
who,HH-UW1,C-V1,pharyngeal-tongue
cheese,CH-IY1-Z,C-V1-C,palatoalveolar-tongue-alveolar
orders,AO1-R-D-ER0-Z,VV1-C-C-V0-C,tongue-alveolar-alveolar-tongue-alveolar
speed,S-P-IY1-D,C-C-V1-C,alveolar-bilabial-tongue-alveolar
act,AE1-K-T,V1-C-C,tongue-velar-alveolar
hog,HH-AA1-G,C-V1-C,pharyngeal-tongue-velar
under,AH1-N-D-ER0,V1-C-C-V0,tongue-alveolar-alveolar-tongue
move,M-UW1-V,C-V1-C,bilabial-tongue-labiodental
vat,V-AE1-T,C-V1-C,labiodental-tongue-alveolar
bark,B-AA1-R-K,C-V1-C-C,bilabial-tongue-alveolar-velar
leaves,L-IY1-V-Z,C-V1-C-C,lateral-tongue-labiodental-alveolar
yellow,Y-EH1-L-OW0,C-V1-C-VV0,velar-tongue-lateral-tongue
pennant,P-EH1-N-AH0-N-T,C-V1-C-V0-C-C,bilabial-tongue-alveolar-tongue-alveolar-alveolar
log,L-AO1-G,C-VV1-C,lateral-tongue-velar
peat,P-IY1-T,C-V1-C,bilabial-tongue-alveolar
after,AE1-F-T-ER0,V1-C-C-V0,tongue-labiodental-alveolar-tongue
logs,L-AO1-G-Z,C-VV1-C-C,lateral-tongue-velar-alveolar
give,G-IH1-V,C-V1-C,velar-tongue-labiodental
ordered,AO1-R-D-ER0-D,VV1-C-C-V0-C,tongue-alveolar-alveolar-tongue-alveolar
peach,P-IY1-CH,C-V1-C,bilabial-tongue-palatoalveolar
hand,HH-AE1-N-D,C-V1-C-C,pharyngeal-tongue-alveolar-alveolar
carpet,K-AA1-R-P-AH0-T,C-V1-C-C-V0-C,velar-tongue-alveolar-bilabial-tongue-alveolar
hemp,HH-EH1-M-P,C-V1-C-C,pharyngeal-tongue-bilabial-bilabial
score,S-K-AO1-R,C-C-VV1-C,alveolar-velar-tongue-alveolar
things,TH-IH1-NG-Z,C-V1-C-C,interdental-tongue-velar-alveolar
lists,L-IH1-S-T-S,C-V1-C-C-C,lateral-tongue-alveolar-alveolar-alveolar
less,L-EH1-S,C-V1-C,lateral-tongue-alveolar
got,G-AA1-T,C-V1-C,velar-tongue-alveolar
done,D-AH1-N,C-V1-C,alveolar-tongue-alveolar
harder,HH-AA1-R-D-ER0,C-V1-C-C-V0,pharyngeal-tongue-alveolar-alveolar-tongue
boss,B-AA1-S,C-V1-C,bilabial-tongue-alveolar
contents,K-AA1-N-T-EH0-N-T-S,C-V1-C-C-V0-C-C-C,velar-tongue-alveolar-alveolar-tongue-alveolar-alveolar-alveolar
cleanse,K-L-EH1-N-Z,C-C-V1-C-C,velar-lateral-tongue-alveolar-alveolar
booze,B-UW1-Z,C-V1-C,bilabial-tongue-alveolar
caught,K-AA1-T,C-V1-C,velar-tongue-alveolar
paw,P-AO1,C-VV1,bilabial-tongue
its,IH1-T-S,V1-C-C,tongue-alveolar-alveolar
be,B-IY1,C-V1,bilabial-tongue
seen,S-IY1-N,C-V1-C,alveolar-tongue-alveolar
farther,F-AA1-R-DH-ER0,C-V1-C-C-V0,labiodental-tongue-alveolar-interdental-tongue
shore,SH-AO1-R,C-VV1-C,palatoalveolar-tongue-alveolar
took,T-UH1-K,C-V1-C,alveolar-tongue-velar
said,S-EH1-D,C-V1-C,alveolar-tongue-alveolar
pluck,P-L-AH1-K,C-C-V1-C,bilabial-lateral-tongue-velar
plus,P-L-AH1-S,C-C-V1-C,bilabial-lateral-tongue-alveolar
deepened,D-IY1-P-AH0-N-D,C-V1-C-V0-C-C,alveolar-tongue-bilabial-tongue-alveolar-alveolar
chief,CH-IY1-F,C-V1-C,palatoalveolar-tongue-labiodental
fond,F-AA1-N-D,C-V1-C-C,labiodental-tongue-alveolar-alveolar
lodging,L-AA1-JH-IH0-NG,C-V1-C-V0-C,lateral-tongue-palatoalveolar-tongue-velar
are,AA1-R,V1-C,tongue-alveolar
events,IH0-V-EH1-N-T-S,V0-C-V1-C-C-C,tongue-labiodental-tongue-alveolar-alveolar-alveolar
bad,B-AE1-D,C-V1-C,bilabial-tongue-alveolar
port,P-AO1-R-T,C-VV1-C-C,bilabial-tongue-alveolar-alveolar
kid,K-IH1-D,C-V1-C,velar-tongue-alveolar
jumped,JH-AH1-M-P-T,C-V1-C-C-C,palatoalveolar-tongue-bilabial-bilabial-alveolar
guess,G-EH1-S,C-V1-C,velar-tongue-alveolar
result,R-IH0-Z-AH1-L-T,C-V0-C-V1-C-C,alveolar-tongue-alveolar-tongue-lateral-alveolar
scores,S-K-AO1-R-Z,C-C-VV1-C-C,alveolar-velar-tongue-alveolar-alveolar
pickle,P-IH1-K-AH0-L,C-V1-C-V0-C,bilabial-tongue-velar-tongue-lateral
ham,HH-AE1-M,C-V1-C,pharyngeal-tongue-bilabial
just,JH-AH1-S-T,C-V1-C-C,palatoalveolar-tongue-alveolar-alveolar
thistles,TH-IH1-S-AH0-L-Z,C-V1-C-V0-C-C,interdental-tongue-alveolar-tongue-lateral-alveolar
bend,B-EH1-N-D,C-V1-C-C,bilabial-tongue-alveolar-alveolar
pure,P-Y-UH1-R,C-C-V1-C,bilabial-velar-tongue-alveolar
poodles,P-UW1-D-AH0-L-Z,C-V1-C-V0-C-C,bilabial-tongue-alveolar-tongue-lateral-alveolar
spot,S-P-AA1-T,C-C-V1-C,alveolar-bilabial-tongue-alveolar
blotter,B-L-AA1-T-ER0,C-C-V1-C-V0,bilabial-lateral-tongue-alveolar-tongue
mud,M-AH1-D,C-V1-C,bilabial-tongue-alveolar
spattered,S-P-AE1-T-ER0-D,C-C-V1-C-V0-C,alveolar-bilabial-tongue-alveolar-tongue-alveolar
desk,D-EH1-S-K,C-V1-C-C,alveolar-tongue-alveolar-velar
top,T-AA1-P,C-V1-C,alveolar-tongue-bilabial
cigar,S-IH0-G-AA1-R,C-V0-C-V1-C,alveolar-tongue-velar-tongue-alveolar
empty,EH1-M-P-T-IY0,V1-C-C-C-V0,tongue-bilabial-bilabial-alveolar-tongue
flask,F-L-AE1-S-K,C-C-V1-C-C,labiodental-lateral-tongue-alveolar-velar
stood,S-T-UH1-D,C-C-V1-C,alveolar-alveolar-tongue-alveolar
tin,T-IH1-N,C-V1-C,alveolar-tongue-alveolar
speedy,S-P-IY1-D-IY2,C-C-V1-C-V2,alveolar-bilabial-tongue-alveolar-tongue
man,M-AE1-N,C-V1-C,bilabial-tongue-alveolar
shoelace,SH-UW1-L-EY2-S,C-V1-C-VV2-C,palatoalveolar-tongue-lateral-tongue-alveolar
stand,S-T-AE1-N-D,C-C-V1-C-C,alveolar-alveolar-tongue-alveolar-alveolar
coffee,K-AA1-F-IY0,C-V1-C-V0,velar-tongue-labiodental-tongue
stories,S-T-AO1-R-IY0-Z,C-C-VV1-C-V0-C,alveolar-alveolar-tongue-alveolar-tongue-alveolar
pencils,P-EH1-N-S-AH0-L-Z,C-V1-C-C-V0-C-C,bilabial-tongue-alveolar-alveolar-tongue-lateral-alveolar
all,AO1-L,VV1-C,tongue-lateral
neatly,N-IY1-T-L-IY0,C-V1-C-C-V0,alveolar-tongue-alveolar-lateral-tongue
she,SH-IY1,C-V1,palatoalveolar-tongue
jacket,JH-AE1-K-AH0-T,C-V1-C-V0-C,palatoalveolar-tongue-velar-tongue-alveolar
figures,F-IH1-G-Y-ER0-Z,C-V1-C-C-V0-C,labiodental-tongue-velar-velar-tongue-alveolar
an,AE1-N,V1-C,tongue-alveolar
not,N-AA1-T,C-V1-C,alveolar-tongue-alveolar
best,B-EH1-S-T,C-V1-C-C,bilabial-tongue-alveolar-alveolar
blocks,B-L-AA1-K-S,C-C-V1-C-C,bilabial-lateral-tongue-velar-alveolar
sad,S-AE1-D,C-V1-C,alveolar-tongue-alveolar
tan,T-AE1-N,C-V1-C,alveolar-tongue-alveolar
knew,N-UW1,C-V1,alveolar-tongue
actress,AE1-K-T-R-AH0-S,V1-C-C-C-V0-C,tongue-velar-alveolar-alveolar-tongue-alveolar
up,AH1-P,V1-C,tongue-bilabial
fell,F-EH1-L,C-V1-C,labiodental-tongue-lateral
steam,S-T-IY1-M,C-C-V1-C,alveolar-alveolar-tongue-bilabial
hissed,HH-IH1-S-T,C-V1-C-C,pharyngeal-tongue-alveolar-alveolar
valve,V-AE1-L-V,C-V1-C-C,labiodental-tongue-lateral-labiodental
dog,D-AO1-G,C-VV1-C,alveolar-tongue-velar
almost,AO1-L-M-OW2-S-T,VV1-C-C-VV2-C-C,tongue-lateral-bilabial-tongue-alveolar-alveolar
sunday,S-AH1-N-D-EY2,C-V1-C-C-VV2,alveolar-tongue-alveolar-alveolar-tongue
part,P-AA1-R-T,C-V1-C-C,bilabial-tongue-alveolar-alveolar
doctor,D-AA1-K-T-ER0,C-V1-C-C-V0,alveolar-tongue-velar-alveolar-tongue
cured,K-Y-UH1-R-D,C-C-V1-C-C,velar-velar-tongue-alveolar-alveolar
him,HH-IH1-M,C-V1-C,pharyngeal-tongue-bilabial
pills,P-IH1-L-Z,C-V1-C-C,bilabial-tongue-lateral-alveolar
noon,N-UW1-N,C-V1-C,alveolar-tongue-alveolar
felt,F-EH1-L-T,C-V1-C-C,labiodental-tongue-lateral-alveolar
last,L-AE1-S-T,C-V1-C-C,lateral-tongue-alveolar-alveolar
store's,S-T-AO1-R-Z,C-C-VV1-C-C,alveolar-alveolar-tongue-alveolar-alveolar
acid,AE1-S-AH0-D,V1-C-V0-C,tongue-alveolar-tongue-alveolar
cloth,K-L-AO1-TH,C-C-VV1-C,velar-lateral-tongue-interdental
fairy,F-EH1-R-IY0,C-V1-C-V0,labiodental-tongue-alveolar-tongue
fun,F-AH1-N,C-V1-C,labiodental-tongue-alveolar
should,SH-UH1-D,C-V1-C,palatoalveolar-tongue-alveolar
suffer,S-AH1-F-ER0,C-V1-C-V0,alveolar-tongue-labiodental-tongue
put,P-UH1-T,C-V1-C,bilabial-tongue-alveolar
love,L-AH1-V,C-V1-C,lateral-tongue-labiodental
good,G-UH1-D,C-V1-C,velar-tongue-alveolar
flood,F-L-AH1-D,C-C-V1-C,labiodental-lateral-tongue-alveolar
inches,IH1-N-CH-AH0-Z,V1-C-C-V0-C,tongue-alveolar-palatoalveolar-tongue-alveolar
carved,K-AA1-R-V-D,C-V1-C-C-C,velar-tongue-alveolar-labiodental-alveolar
head,HH-EH1-D,C-V1-C,pharyngeal-tongue-alveolar
block,B-L-AA1-K,C-C-V1-C,bilabial-lateral-tongue-velar
has,HH-AE1-Z,C-V1-C,pharyngeal-tongue-alveolar
smart,S-M-AA1-R-T,C-C-V1-C-C,alveolar-bilabial-tongue-alveolar-alveolar
fig,F-IH1-G,C-V1-C,labiodental-tongue-velar
apple,AE1-P-AH0-L,V1-C-V0-C,tongue-bilabial-tongue-lateral
started,S-T-AA1-R-T-IH0-D,C-C-V1-C-C-V0-C,alveolar-alveolar-tongue-alveolar-alveolar-tongue-alveolar
box,B-AA1-K-S,C-V1-C-C,bilabial-tongue-velar-alveolar
thumb,TH-AH1-M,C-V1-C,interdental-tongue-bilabial
tacks,T-AE1-K-S,C-V1-C-C,alveolar-tongue-velar-alveolar
tongs,T-AA1-NG-Z,C-V1-C-C,alveolar-tongue-velar-alveolar
puff,P-AH1-F,C-V1-C,bilabial-tongue-labiodental
petals,P-EH1-T-AH0-L-Z,C-V1-C-V0-C-C,bilabial-tongue-alveolar-tongue-lateral-alveolar
class,K-L-AE1-S,C-C-V1-C,velar-lateral-tongue-alveolar
could,K-UH1-D,C-V1-C,velar-tongue-alveolar
laugh,L-AE1-F,C-V1-C,lateral-tongue-labiodental
farmers,F-AA1-R-M-ER0-Z,C-V1-C-C-V0-C,labiodental-tongue-alveolar-bilabial-tongue-alveolar
attic,AE1-T-IH0-K,V1-C-V0-C,tongue-alveolar-tongue-velar
bath,B-AE1-TH,C-V1-C,bilabial-tongue-interdental
such,S-AH1-CH,C-V1-C,alveolar-tongue-palatoalveolar
fifth,F-IH1-F-TH,C-V1-C-C,labiodental-tongue-labiodental-interdental
club,K-L-AH1-B,C-C-V1-C,velar-lateral-tongue-bilabial
dance,D-AE1-N-S,C-V1-C-C,alveolar-tongue-alveolar-alveolar
taught,T-AO1-T,C-VV1-C,alveolar-tongue-alveolar
novel,N-AA1-V-AH0-L,C-V1-C-V0-C,alveolar-tongue-labiodental-tongue-lateral
inn,IH1-N,V1-C,tongue-alveolar
even,IY1-V-IH0-N,V1-C-V0-C,tongue-labiodental-tongue-alveolar
cement,S-AH0-M-EH1-N-T,C-V0-C-V1-C-C,alveolar-tongue-bilabial-tongue-alveolar-alveolar
loss,L-AO1-S,C-VV1-C,lateral-tongue-alveolar
ship,SH-IH1-P,C-V1-C,palatoalveolar-tongue-bilabial
second,S-EH1-K-AH0-N-D,C-V1-C-V0-C-C,alveolar-tongue-velar-tongue-alveolar-alveolar
do,D-UW1,C-V1,alveolar-tongue
stick,S-T-IH1-K,C-C-V1-C,alveolar-alveolar-tongue-velar
covered,K-AH1-V-ER0-D,C-V1-C-V0-C,velar-tongue-labiodental-tongue-alveolar
had,HH-AE1-D,C-V1-C,pharyngeal-tongue-alveolar
taps,T-AE1-P-S,C-V1-C-C,alveolar-tongue-bilabial-alveolar
forget,F-ER0-G-EH1-T,C-V0-C-V1-C,labiodental-tongue-velar-tongue-alveolar
or,AO1-R,VV1-C,tongue-alveolar
clean,K-L-IY1-N,C-C-V1-C,velar-lateral-tongue-alveolar
bank,B-AE1-NG-K,C-V1-C-C,bilabial-tongue-velar-velar
black,B-L-AE1-K,C-C-V1-C,bilabial-lateral-tongue-velar
lead,L-EH1-D,C-V1-C,lateral-tongue-alveolar
calf,K-AE1-F,C-V1-C,velar-tongue-labiodental
bucket,B-AH1-K-AH0-T,C-V1-C-V0-C,bilabial-tongue-velar-tongue-alveolar
charm,CH-AA1-R-M,C-V1-C-C,palatoalveolar-tongue-alveolar-bilabial
teach,T-IY1-CH,C-V1-C,alveolar-tongue-palatoalveolar
lamp,L-AE1-M-P,C-V1-C-C,lateral-tongue-bilabial-bilabial
axe,AE1-K-S,V1-C-C,tongue-velar-alveolar
forest,F-AO1-R-AH0-S-T,C-VV1-C-V0-C-C,labiodental-tongue-alveolar-tongue-alveolar-alveolar
jazz,JH-AE1-Z,C-V1-C,palatoalveolar-tongue-alveolar
fans,F-AE1-N-Z,C-V1-C-C,labiodental-tongue-alveolar-alveolar
slash,S-L-AE1-SH,C-C-V1-C,alveolar-lateral-tongue-palatoalveolar
have,HH-AE1-V,C-V1-C,pharyngeal-tongue-labiodental
court,K-AO1-R-T,C-VV1-C-C,velar-tongue-alveolar-alveolar
pushed,P-UH1-SH-T,C-V1-C-C,bilabial-tongue-palatoalveolar-alveolar
attack,AH0-T-AE1-K,V0-C-V1-C,tongue-alveolar-tongue-velar
former,F-AO1-R-M-ER0,C-VV1-C-C-V0,labiodental-tongue-alveolar-bilabial-tongue
backs,B-AE1-K-S,C-V1-C-C,bilabial-tongue-velar-alveolar
map,M-AE1-P,C-V1-C,bilabial-tongue-bilabial
meant,M-EH1-N-T,C-V1-C-C,bilabial-tongue-alveolar-alveolar
nothing,N-AH1-TH-IH0-NG,C-V1-C-V0-C,alveolar-tongue-interdental-tongue-velar
nets,N-EH1-T-S,C-V1-C-C,alveolar-tongue-alveolar-alveolar
some,S-AH1-M,C-V1-C,alveolar-tongue-bilabial
ads,AE1-D-Z,V1-C-C,tongue-alveolar-alveolar
bell,B-EH1-L,C-V1-C,bilabial-tongue-lateral
balance,B-AE1-L-AH0-N-S,C-V1-C-V0-C-C,bilabial-tongue-lateral-tongue-alveolar-alveolar
madam,M-AE1-D-AH0-M,C-V1-C-V0-C,bilabial-tongue-alveolar-tongue-bilabial
soon,S-UW1-N,C-V1-C,alveolar-tongue-alveolar
sat,S-AE1-T,C-V1-C,alveolar-tongue-alveolar
as,AE1-Z,V1-C,tongue-alveolar
fury,F-Y-UH1-R-IY0,C-C-V1-C-V0,labiodental-velar-tongue-alveolar-tongue
egg,EH1-G,V1-C,tongue-velar
funds,F-AH1-N-D-Z,C-V1-C-C-C,labiodental-tongue-alveolar-alveolar-alveolar
peak,P-IY1-K,C-V1-C,bilabial-tongue-velar
tuesday,T-UW1-Z-D-IY0,C-V1-C-C-V0,alveolar-tongue-alveolar-alveolar-tongue
stark,S-T-AA1-R-K,C-C-V1-C-C,alveolar-alveolar-tongue-alveolar-velar
looked,L-UH1-K-T,C-V1-C-C,lateral-tongue-velar-alveolar
gets,G-EH1-T-S,C-V1-C-C,velar-tongue-alveolar-alveolar
snapped,S-N-AE1-P-T,C-C-V1-C-C,alveolar-alveolar-tongue-bilabial-alveolar
jump,JH-AH1-M-P,C-V1-C-C,palatoalveolar-tongue-bilabial-bilabial
yell,Y-EH1-L,C-V1-C,velar-tongue-lateral
clap,K-L-AE1-P,C-C-V1-C,velar-lateral-tongue-bilabial
form,F-AO1-R-M,C-VV1-C-C,labiodental-tongue-alveolar-bilabial
need,N-IY1-D,C-V1-C,alveolar-tongue-alveolar
north,N-AO1-R-TH,C-VV1-C-C,alveolar-tongue-alveolar-interdental
ducks,D-AH1-K-S,C-V1-C-C,alveolar-tongue-velar-alveolar
compass,K-AH1-M-P-AH0-S,C-V1-C-C-V0-C,velar-tongue-bilabial-bilabial-tongue-alveolar
fizz,F-IH1-Z,C-V1-C,labiodental-tongue-alveolar
others,AH1-DH-ER0-Z,V1-C-V0-C,tongue-interdental-tongue-alveolar
pears,P-EH1-R-Z,C-V1-C-C,bilabial-tongue-alveolar-alveolar
pot,P-AA1-T,C-V1-C,bilabial-tongue-alveolar
carry,K-AE1-R-IY0,C-V1-C-V0,velar-tongue-alveolar-tongue
our,AW1-ER0,VV1-V0,tongue-tongue
sure,SH-UH1-R,C-V1-C,palatoalveolar-tongue-alveolar
enough,IH0-N-AH1-F,V0-C-V1-C,tongue-alveolar-tongue-labiodental
seats,S-IY1-T-S,C-V1-C-C,alveolar-tongue-alveolar-alveolar
football,F-UH1-T-B-AO2-L,C-V1-C-C-VV2-C,labiodental-tongue-alveolar-bilabial-tongue-lateral
jug,JH-AH1-G,C-V1-C,palatoalveolar-tongue-velar
dash,D-AE1-SH,C-V1-C,alveolar-tongue-palatoalveolar
pepper,P-EH1-P-ER0,C-V1-C-V0,bilabial-tongue-bilabial-tongue
beef,B-IY1-F,C-V1-C,bilabial-tongue-labiodental
stew,S-T-UW1,C-C-V1,alveolar-alveolar-tongue
zestful,Z-EH1-S-T-F-AH0-L,C-V1-C-C-C-V0-C,alveolar-tongue-alveolar-alveolar-labiodental-tongue-lateral
food,F-UW1-D,C-V1-C,labiodental-tongue-alveolar
bun,B-AH1-N,C-V1-C,bilabial-tongue-alveolar
horse,HH-AO1-R-S,C-VV1-C-C,pharyngeal-tongue-alveolar-alveolar
necklace,N-EH1-K-L-AH0-S,C-V1-C-C-V0-C,alveolar-tongue-velar-lateral-tongue-alveolar
cord,K-AO1-R-D,C-VV1-C-C,velar-tongue-alveolar-alveolar
look,L-UH1-K,C-V1-C,lateral-tongue-velar
corner,K-AO1-R-N-ER0,C-VV1-C-C-V0,velar-tongue-alveolar-alveolar-tongue
bond,B-AA1-N-D,C-V1-C-C,bilabial-tongue-alveolar-alveolar
halt,HH-AO1-L-T,C-VV1-C-C,pharyngeal-tongue-lateral-alveolar
dig,D-IH1-G,C-V1-C,alveolar-tongue-velar
junk,JH-AH1-NG-K,C-V1-C-C,palatoalveolar-tongue-velar-velar
yard,Y-AA1-R-D,C-V1-C-C,velar-tongue-alveolar-alveolar
sputtered,S-P-AH1-T-ER0-D,C-C-V1-C-V0-C,alveolar-bilabial-tongue-alveolar-tongue-alveolar
torch,T-AO1-R-CH,C-VV1-C-C,alveolar-tongue-alveolar-palatoalveolar
lit,L-IH1-T,C-V1-C,lateral-tongue-alveolar
flint,F-L-IH1-N-T,C-C-V1-C-C,labiodental-lateral-tongue-alveolar-alveolar
bare,B-EH1-R,C-V1-C,bilabial-tongue-alveolar
jam,JH-AE1-M,C-V1-C,palatoalveolar-tongue-bilabial
dust,D-AH1-S-T,C-V1-C-C,alveolar-tongue-alveolar-alveolar
stung,S-T-AH1-NG,C-C-V1-C,alveolar-alveolar-tongue-velar
tender,T-EH1-N-D-ER0,C-V1-C-C-V0,alveolar-tongue-alveolar-alveolar-tongue
end,EH1-N-D,V1-C-C,tongue-alveolar-alveolar
needs,N-IY1-D-Z,C-V1-C-C,alveolar-tongue-alveolar-alveolar
much,M-AH1-CH,C-V1-C,bilabial-tongue-palatoalveolar
gently,JH-EH1-N-T-L-IY0,C-V1-C-C-C-V0,palatoalveolar-tongue-alveolar-alveolar-lateral-tongue
flaw,F-L-AO1,C-C-VV1,labiodental-lateral-tongue
bump,B-AH1-M-P,C-V1-C-C,bilabial-tongue-bilabial-bilabial
apples,AE1-P-AH0-L-Z,V1-C-V0-C-C,tongue-bilabial-tongue-lateral-alveolar
hands,HH-AE1-N-D-Z,C-V1-C-C-C,pharyngeal-tongue-alveolar-alveolar-alveolar
hedge,HH-EH1-JH,C-V1-C,pharyngeal-tongue-palatoalveolar
eat,IY1-T,V1-C,tongue-alveolar
then,DH-EH1-N,C-V1-C,interdental-tongue-alveolar
mute,M-Y-UW1-T,C-C-V1-C,bilabial-velar-tongue-alveolar
muffled,M-AH1-F-AH0-L-D,C-V1-C-V0-C-C,bilabial-tongue-labiodental-tongue-lateral-alveolar
pierced,P-IH1-R-S-T,C-V1-C-C-C,bilabial-tongue-alveolar-alveolar-alveolar
ear,IY1-R,V1-C,tongue-alveolar
fits,F-IH1-T-S,C-V1-C-C,labiodental-tongue-alveolar-alveolar
pan,P-AE1-N,C-V1-C,bilabial-tongue-alveolar
if,IH1-F,V1-C,tongue-labiodental
finish,F-IH1-N-IH0-SH,C-V1-C-V0-C,labiodental-tongue-alveolar-tongue-palatoalveolar
gone,G-AO1-N,C-VV1-C,velar-tongue-alveolar
beer,B-IH1-R,C-V1-C,bilabial-tongue-alveolar
hops,HH-AA1-P-S,C-V1-C-C,pharyngeal-tongue-bilabial-alveolar
malt,M-AO1-L-T,C-VV1-C-C,bilabial-tongue-lateral-alveolar
cans,K-AE1-N-Z,C-V1-C-C,velar-tongue-alveolar-alveolar
absent,AE1-B-S-AH0-N-T,V1-C-C-V0-C-C,tongue-bilabial-alveolar-tongue-alveolar-alveolar
shelves,SH-EH1-L-V-Z,C-V1-C-C-C,palatoalveolar-tongue-lateral-labiodental-alveolar
beam,B-IY1-M,C-V1-C,bilabial-tongue-bilabial
danced,D-AE1-N-S-T,C-V1-C-C-C,alveolar-tongue-alveolar-alveolar-alveolar
flat,F-L-AE1-T,C-C-V1-C,labiodental-lateral-tongue-alveolar
tube,T-UW1-B,C-V1-C,alveolar-tongue-bilabial
let's,L-EH1-T-S,C-V1-C-C,lateral-tongue-alveolar-alveolar
sing,S-IH1-NG,C-V1-C,alveolar-tongue-velar
chorus,K-AO1-R-AH0-S,C-VV1-C-V0-C,velar-tongue-alveolar-tongue-alveolar
cannot,K-AE1-N-AA0-T,C-V1-C-V0-C,velar-tongue-alveolar-tongue-alveolar
minutes,M-IH1-N-AH0-T-S,C-V1-C-V0-C-C,bilabial-tongue-alveolar-tongue-alveolar-alveolar
six,S-IH1-K-S,C-V1-C-C,alveolar-tongue-velar-alveolar
peace,P-IY1-S,C-V1-C,bilabial-tongue-alveolar
league,L-IY1-G,C-V1-C,lateral-tongue-velar
discuss,D-IH0-S-K-AH1-S,C-V0-C-C-V1-C,alveolar-tongue-alveolar-velar-tongue-alveolar
plans,P-L-AE1-N-Z,C-C-V1-C-C,bilabial-lateral-tongue-alveolar-alveolar
luck,L-AH1-K,C-V1-C,lateral-tongue-velar
fox,F-AA1-K-S,C-V1-C-C,labiodental-tongue-velar-alveolar
nozzle,N-AA1-Z-AH0-L,C-V1-C-V0-C,alveolar-tongue-alveolar-tongue-lateral
cap,K-AE1-P,C-V1-C,velar-tongue-bilabial
needed,N-IY1-D-AH0-D,C-V1-C-V0-C,alveolar-tongue-alveolar-tongue-alveolar
plan,P-L-AE1-N,C-C-V1-C,bilabial-lateral-tongue-alveolar
think,TH-IH1-NG-K,C-V1-C-C,interdental-tongue-velar-velar
sometimes,S-AH0-M-T-AY1-M-Z,C-V0-C-C-VV1-C-C,alveolar-tongue-bilabial-alveolar-tongue-bilabial-alveolar
jar,JH-AA1-R,C-V1-C,palatoalveolar-tongue-alveolar
keep,K-IY1-P,C-V1-C,velar-tongue-bilabial
mules,M-Y-UW1-L-Z,C-C-V1-C-C,bilabial-velar-tongue-lateral-alveolar
neat,N-IY1-T,C-V1-C,alveolar-tongue-alveolar
sun's,S-AH1-N-Z,C-V1-C-C,alveolar-tongue-alveolar-alveolar
unless,AH0-N-L-EH1-S,V0-C-C-V1-C,tongue-alveolar-lateral-tongue-alveolar
plush,P-L-AH1-SH,C-C-V1-C,bilabial-lateral-tongue-palatoalveolar
chair,CH-EH1-R,C-V1-C,palatoalveolar-tongue-alveolar
leaned,L-IY1-N-D,C-V1-C-C,lateral-tongue-alveolar-alveolar
against,AH0-G-EH1-N-S-T,V0-C-V1-C-C-C,tongue-velar-tongue-alveolar-alveolar-alveolar
metal,M-EH1-T-AH0-L,C-V1-C-V0-C,bilabial-tongue-alveolar-tongue-lateral
relax,R-IH0-L-AE1-K-S,C-V0-C-V1-C-C,alveolar-tongue-lateral-tongue-velar-alveolar
beach,B-IY1-CH,C-V1-C,bilabial-tongue-palatoalveolar
shallow,SH-AE1-L-OW0,C-V1-C-VV0,palatoalveolar-tongue-lateral-tongue
idea,AY0-D-IY1-AH0,VV0-C-V1-V0,tongue-alveolar-tongue-tongue
kitten,K-IH1-T-AH0-N,C-V1-C-V0-C,velar-tongue-alveolar-tongue-alveolar
book,B-UH1-K,C-V1-C,bilabial-tongue-velar
central,S-EH1-N-T-R-AH0-L,C-V1-C-C-C-V0-C,alveolar-tongue-alveolar-alveolar-alveolar-tongue-lateral
gem,JH-EH1-M,C-V1-C,palatoalveolar-tongue-bilabial
polish,P-AA1-L-IH0-SH,C-V1-C-V0-C,bilabial-tongue-lateral-tongue-palatoalveolar
secrets,S-IY1-K-R-AH0-T-S,C-V1-C-C-V0-C-C,alveolar-tongue-velar-alveolar-tongue-alveolar-alveolar
sent,S-EH1-N-T,C-V1-C-C,alveolar-tongue-alveolar-alveolar
news,N-UW1-Z,C-V1-C,alveolar-tongue-alveolar
objects,AA1-B-JH-EH0-K-T-S,V1-C-C-V0-C-C-C,tongue-bilabial-palatoalveolar-tongue-velar-alveolar-alveolar
mince,M-IH1-N-S,C-V1-C-C,bilabial-tongue-alveolar-alveolar
gathered,G-AE1-DH-ER0-D,C-V1-C-V0-C,velar-tongue-interdental-tongue-alveolar
let,L-EH1-T,C-V1-C,lateral-tongue-alveolar
castle,K-AE1-S-AH0-L,C-V1-C-V0-C,velar-tongue-alveolar-tongue-lateral
tack,T-AE1-K,C-V1-C,alveolar-tongue-velar
must,M-AH1-S-T,C-V1-C-C,bilabial-tongue-alveolar-alveolar
pour,P-AO1-R,C-VV1-C,bilabial-tongue-alveolar
gather,G-AE1-DH-ER0,C-V1-C-V0,velar-tongue-interdental-tongue
sticks,S-T-IH1-K-S,C-C-V1-C-C,alveolar-alveolar-tongue-velar-alveolar
tumbled,T-AH1-M-B-AH0-L-D,C-V1-C-C-V0-C-C,alveolar-tongue-bilabial-bilabial-tongue-lateral-alveolar
plum,P-L-AH1-M,C-C-V1-C,bilabial-lateral-tongue-bilabial
fit,F-IH1-T,C-V1-C,labiodental-tongue-alveolar
king's,K-IH1-NG-Z,C-V1-C-C,velar-tongue-velar-alveolar
palate,P-AE1-L-AH0-T,C-V1-C-V0-C,bilabial-tongue-lateral-tongue-alveolar
capture,K-AE1-P-CH-ER0,C-V1-C-C-V0,velar-tongue-bilabial-palatoalveolar-tongue
bear,B-EH1-R,C-V1-C,bilabial-tongue-alveolar
feed,F-IY1-D,C-V1-C,labiodental-tongue-alveolar
seeds,S-IY1-D-Z,C-V1-C-C,alveolar-tongue-alveolar-alveolar
distance,D-IH1-S-T-AH0-N-S,C-V1-C-C-V0-C-C,alveolar-tongue-alveolar-alveolar-tongue-alveolar-alveolar
lock,L-AA1-K,C-V1-C,lateral-tongue-velar
plead,P-L-IY1-D,C-C-V1-C,bilabial-lateral-tongue-alveolar
thief,TH-IY1-F,C-V1-C,interdental-tongue-labiodental
hash,HH-AE1-SH,C-V1-C,pharyngeal-tongue-palatoalveolar
better,B-EH1-T-ER0,C-V1-C-V0,bilabial-tongue-alveolar-tongue
plank,P-L-AE1-NG-K,C-C-V1-C-C,bilabial-lateral-tongue-velar-velar
sparkled,S-P-AA1-R-K-AH0-L-D,C-C-V1-C-C-V0-C-C,alveolar-bilabial-tongue-alveolar-velar-tongue-lateral-alveolar
care,K-EH1-R,C-V1-C,velar-tongue-alveolar
ledge,L-EH1-JH,C-V1-C,lateral-tongue-palatoalveolar
sheep,SH-IY1-P,C-V1-C,palatoalveolar-tongue-bilabial
lot,L-AA1-T,C-V1-C,lateral-tongue-alveolar
shares,SH-EH1-R-Z,C-V1-C-C,palatoalveolar-tongue-alveolar-alveolar
fair,F-EH1-R,C-V1-C,labiodental-tongue-alveolar
many,M-EH1-N-IY0,C-V1-C-V0,bilabial-tongue-alveolar-tongue
fevers,F-IY1-V-ER0-Z,C-V1-C-V0-C,labiodental-tongue-labiodental-tongue-alveolar
asks,AE1-S-K-S,V1-C-C-C,tongue-alveolar-velar-alveolar
come,K-AH1-M,C-V1-C,velar-tongue-bilabial
sash,S-AE1-SH,C-V1-C,alveolar-tongue-palatoalveolar
means,M-IY1-N-Z,C-V1-C-C,bilabial-tongue-alveolar-alveolar
long,L-AO1-NG,C-VV1-C,lateral-tongue-velar
list,L-IH1-S-T,C-V1-C-C,lateral-tongue-alveolar-alveolar
defense,D-IH0-F-EH1-N-S,C-V0-C-V1-C-C,alveolar-tongue-labiodental-tongue-alveolar-alveolar
siege,S-IY1-JH,C-V1-C,alveolar-tongue-palatoalveolar
tar,T-AA1-R,C-V1-C,alveolar-tongue-alveolar
cost,K-AA1-S-T,C-V1-C-C,velar-tongue-alveolar-alveolar
poured,P-AO1-R-D,C-VV1-C-C,bilabial-tongue-alveolar-alveolar
heroes,HH-IH1-R-OW0-Z,C-V1-C-VV0-C,pharyngeal-tongue-alveolar-tongue-alveolar
story,S-T-AO1-R-IY0,C-C-VV1-C-V0,alveolar-alveolar-tongue-alveolar-tongue
sense,S-EH1-N-S,C-V1-C-C,alveolar-tongue-alveolar-alveolar
eastern,IY1-S-T-ER0-N,V1-C-C-V0-C,tongue-alveolar-alveolar-tongue-alveolar
heave,HH-IY1-V,C-V1-C,pharyngeal-tongue-labiodental
cuts,K-AH1-T-S,C-V1-C-C,velar-tongue-alveolar-alveolar
any,EH1-N-IY0,V1-C-V0,tongue-alveolar-tongue
dense,D-EH1-N-S,C-V1-C-C,alveolar-tongue-alveolar-alveolar
distinct,D-IH0-S-T-IH1-NG-K-T,C-V0-C-C-V1-C-C-C,alveolar-tongue-alveolar-alveolar-tongue-velar-velar-alveolar
hip,HH-IH1-P,C-V1-C,pharyngeal-tongue-bilabial
knee,N-IY1,C-V1,alveolar-tongue
smell,S-M-EH1-L,C-C-V1-C,alveolar-bilabial-tongue-lateral
scarcer,S-K-EH1-R-S-ER0,C-C-V1-C-C-V0,alveolar-velar-tongue-alveolar-alveolar-tongue
lamb,L-AE1-M,C-V1-C,lateral-tongue-bilabial
steer,S-T-IH1-R,C-C-V1-C,alveolar-alveolar-tongue-alveolar
northward,N-AO1-R-TH-W-ER0-D,C-VV1-C-C-C-V0-C,alveolar-tongue-alveolar-interdental-labiovelar-tongue-alveolar
cents,S-EH1-N-T-S,C-V1-C-C-C,alveolar-tongue-alveolar-alveolar-alveolar
mondays,M-AH1-N-D-IY0-Z,C-V1-C-C-V0-C,bilabial-tongue-alveolar-alveolar-tongue-alveolar
pod,P-AA1-D,C-V1-C,bilabial-tongue-alveolar
peas,P-IY1-Z,C-V1-C,bilabial-tongue-alveolar
dart,D-AA1-R-T,C-V1-C-C,alveolar-tongue-alveolar-alveolar
cork,K-AO1-R-K,C-VV1-C-C,velar-tongue-alveolar-velar
target,T-AA1-R-G-AH0-T,C-V1-C-C-V0-C,alveolar-tongue-alveolar-velar-tongue-alveolar
shipping,SH-IH1-P-IH0-NG,C-V1-C-V0-C,palatoalveolar-tongue-bilabial-tongue-velar
led,L-EH1-D,C-V1-C,lateral-tongue-alveolar
hardship,HH-AA1-R-D-SH-IH0-P,C-V1-C-C-C-V0-C,pharyngeal-tongue-alveolar-alveolar-palatoalveolar-tongue-bilabial
seemed,S-IY1-M-D,C-V1-C-C,alveolar-tongue-bilabial-alveolar
nudge,N-AH1-JH,C-V1-C,alveolar-tongue-palatoalveolar
fasten,F-AE1-S-AH0-N,C-V1-C-V0-C,labiodental-tongue-alveolar-tongue-alveolar
zest,Z-EH1-S-T,C-V1-C-C,alveolar-tongue-alveolar-alveolar
restores,R-IH0-S-T-AO1-R-Z,C-V0-C-C-VV1-C-C,alveolar-tongue-alveolar-alveolar-tongue-alveolar-alveolar
office,AO1-F-IH0-S,VV1-C-V0-C,tongue-labiodental-tongue-alveolar
pen,P-EH1-N,C-V1-C,bilabial-tongue-alveolar
lag,L-AE1-G,C-V1-C,lateral-tongue-velar
thought,TH-AO1-T,C-VV1-C,interdental-tongue-alveolar
seed,S-IY1-D,C-V1-C,alveolar-tongue-alveolar
plant,P-L-AE1-N-T,C-C-V1-C-C,bilabial-lateral-tongue-alveolar-alveolar
chart,CH-AA1-R-T,C-V1-C-C,palatoalveolar-tongue-alveolar-alveolar
heavy,HH-EH1-V-IY0,C-V1-C-V0,pharyngeal-tongue-labiodental-tongue
chap,CH-AE1-P,C-V1-C,palatoalveolar-tongue-bilabial
hats,HH-AE1-T-S,C-V1-C-C,pharyngeal-tongue-alveolar-alveolar
dinner,D-IH1-N-ER0,C-V1-C-V0,alveolar-tongue-alveolar-tongue
onto,AA1-N-T-UW0,V1-C-C-V0,tongue-alveolar-alveolar-tongue
lawn,L-AO1-N,C-VV1-C,lateral-tongue-alveolar
nest,N-EH1-S-T,C-V1-C-C,alveolar-tongue-alveolar-alveolar
mats,M-AE1-T-S,C-V1-C-C,bilabial-tongue-alveolar-alveolar
protects,P-R-AH0-T-EH1-K-T-S,C-C-V0-C-V1-C-C-C,bilabial-alveolar-tongue-alveolar-tongue-velar-alveolar-alveolar
picked,P-IH1-K-T,C-V1-C-C,bilabial-tongue-velar-alveolar
debt,D-EH1-T,C-V1-C,alveolar-tongue-alveolar
nag,N-AE1-G,C-V1-C,alveolar-tongue-velar
cart,K-AA1-R-T,C-V1-C-C,velar-tongue-alveolar-alveolar
release,R-IY0-L-IY1-S,C-V0-C-V1-C,alveolar-tongue-lateral-tongue-alveolar
vamp,V-AE1-M-P,C-V1-C-C,labiodental-tongue-bilabial-bilabial
shoe,SH-UW1,C-V1,palatoalveolar-tongue
itches,IH1-CH-AH0-Z,V1-C-V0-C,tongue-palatoalveolar-tongue-alveolar
cuffs,K-AH1-F-S,C-V1-C-C,velar-tongue-labiodental-alveolar
pockets,P-AA1-K-AH0-T-S,C-V1-C-V0-C-C,bilabial-tongue-velar-tongue-alveolar-alveolar
marsh,M-AA1-R-SH,C-V1-C-C,bilabial-tongue-alveolar-palatoalveolar
lasts,L-AE1-S-T-S,C-V1-C-C-C,lateral-tongue-alveolar-alveolar-alveolar
bloom,B-L-UW1-M,C-C-V1-C,bilabial-lateral-tongue-bilabial
mare,M-EH1-R,C-V1-C,bilabial-tongue-alveolar
buns,B-AH1-N-Z,C-V1-C-C,bilabial-tongue-alveolar-alveolar
bottles,B-AA1-T-AH0-L-Z,C-V1-C-V0-C-C,bilabial-tongue-alveolar-tongue-lateral-alveolar
feather,F-EH1-DH-ER0,C-V1-C-V0,labiodental-tongue-interdental-tongue
ashes,AE1-SH-AH0-Z,V1-C-V0-C,tongue-palatoalveolar-tongue-alveolar
chairs,CH-EH1-R-Z,C-V1-C-C,palatoalveolar-tongue-alveolar-alveolar
collar,K-AA1-L-ER0,C-V1-C-V0,velar-tongue-lateral-tongue
cover,K-AH1-V-ER0,C-V1-C-V0,velar-tongue-labiodental-tongue
hall,HH-AO1-L,C-VV1-C,pharyngeal-tongue-lateral
glasses,G-L-AE1-S-AH0-Z,C-C-V1-C-V0-C,velar-lateral-tongue-alveolar-tongue-alveolar
stems,S-T-EH1-M-Z,C-C-V1-C-C,alveolar-alveolar-tongue-bilabial-alveolar
lantern,L-AE1-N-T-ER0-N,C-V1-C-C-V0-C,lateral-tongue-alveolar-alveolar-tongue-alveolar
cleat,K-L-IY1-T,C-C-V1-C,velar-lateral-tongue-alveolar
deeply,D-IY1-P-L-IY0,C-V1-C-C-V0,alveolar-tongue-bilabial-lateral-tongue
tenth,T-EH1-N-TH,C-V1-C-C,alveolar-tongue-alveolar-interdental
month,M-AH1-N-TH,C-V1-C-C,bilabial-tongue-alveolar-interdental
antique,AE0-N-T-IY1-K,V0-C-C-V1-C,tongue-alveolar-alveolar-tongue-velar
talked,T-AO1-K-T,C-VV1-C-C,alveolar-tongue-velar-alveolar
music,M-Y-UW1-Z-IH0-K,C-C-V1-C-V0-C,bilabial-velar-tongue-alveolar-tongue-velar
dispense,D-IH0-S-P-EH1-N-S,C-V0-C-C-V1-C-C,alveolar-tongue-alveolar-bilabial-tongue-alveolar-alveolar
bunch,B-AH1-N-CH,C-V1-C-C,bilabial-tongue-alveolar-palatoalveolar
figs,F-IH1-G-Z,C-V1-C-C,labiodental-tongue-velar-alveolar
cherries,CH-EH1-R-IY0-Z,C-V1-C-V0-C,palatoalveolar-tongue-alveolar-tongue-alveolar
hinge,HH-IH1-N-JH,C-V1-C-C,pharyngeal-tongue-alveolar-palatoalveolar
sparks,S-P-AA1-R-K-S,C-C-V1-C-C-C,alveolar-bilabial-tongue-alveolar-velar-alveolar
thick,TH-IH1-K,C-V1-C,interdental-tongue-velar
death,D-EH1-TH,C-V1-C,alveolar-tongue-interdental
marks,M-AA1-R-K-S,C-V1-C-C-C,bilabial-tongue-alveolar-velar-alveolar
bottom,B-AA1-T-AH0-M,C-V1-C-V0-C,bilabial-tongue-alveolar-tongue-bilabial
muff,M-AH1-F,C-V1-C,bilabial-tongue-labiodental
matter,M-AE1-T-ER0,C-V1-C-V0,bilabial-tongue-alveolar-tongue
puzzling,P-AH1-Z-AH0-L-IH0-NG,C-V1-C-V0-C-V0-C,bilabial-tongue-alveolar-tongue-lateral-tongue-velar
lanterns,L-AE1-N-T-ER0-N-Z,C-V1-C-C-V0-C-C,lateral-tongue-alveolar-alveolar-tongue-alveolar-alveolar
money,M-AH1-N-IY0,C-V1-C-V0,bilabial-tongue-alveolar-tongue
shaggy,SH-AE1-G-IY0,C-V1-C-V0,palatoalveolar-tongue-velar-tongue
spend,S-P-EH1-N-D,C-C-V1-C-C,alveolar-bilabial-tongue-alveolar-alveolar
shut,SH-AH1-T,C-V1-C,palatoalveolar-tongue-alveolar
hatch,HH-AE1-CH,C-V1-C,pharyngeal-tongue-palatoalveolar
push,P-UH1-SH,C-V1-C,bilabial-tongue-palatoalveolar
hearts,HH-AA1-R-T-S,C-V1-C-C-C,pharyngeal-tongue-alveolar-alveolar-alveolar
teeth,T-IY1-TH,C-V1-C,alveolar-tongue-interdental
offered,AO1-F-ER0-D,VV1-C-V0-C,tongue-labiodental-tongue-alveolar
send,S-EH1-N-D,C-V1-C-C,alveolar-tongue-alveolar-alveolar
stuff,S-T-AH1-F,C-C-V1-C,alveolar-alveolar-tongue-labiodental
bag,B-AE1-G,C-V1-C,bilabial-tongue-velar
passage,P-AE1-S-AH0-JH,C-V1-C-V0-C,bilabial-tongue-alveolar-tongue-palatoalveolar
eaten,IY1-T-AH0-N,V1-C-V0-C,tongue-alveolar-tongue-alveolar
their,DH-EH1-R,C-V1-C,interdental-tongue-alveolar
sleep,S-L-IY1-P,C-C-V1-C,alveolar-lateral-tongue-bilabial
mat,M-AE1-T,C-V1-C,bilabial-tongue-alveolar
tuck,T-AH1-K,C-V1-C,alveolar-tongue-velar
chance,CH-AE1-N-S,C-V1-C-C,palatoalveolar-tongue-alveolar-alveolar
doll,D-AA1-L,C-V1-C,alveolar-tongue-lateral
shoes,SH-UW1-Z,C-V1-C,palatoalveolar-tongue-alveolar
sick,S-IH1-K,C-V1-C,alveolar-tongue-velar
people,P-IY1-P-AH0-L,C-V1-C-V0-C,bilabial-tongue-bilabial-tongue-lateral
shipped,SH-IH1-P-T,C-V1-C-C,palatoalveolar-tongue-bilabial-alveolar
dusty,D-AH1-S-T-IY0,C-V1-C-C-V0,alveolar-tongue-alveolar-alveolar-tongue
bench,B-EH1-N-CH,C-V1-C-C,bilabial-tongue-alveolar-palatoalveolar
suit,S-UW1-T,C-V1-C,alveolar-tongue-alveolar
nasty,N-AE1-S-T-IY0,C-V1-C-C-V0,alveolar-tongue-alveolar-alveolar-tongue
source,S-AO1-R-S,C-VV1-C-C,alveolar-tongue-alveolar-alveolar
tent,T-EH1-N-T,C-V1-C-C,alveolar-tongue-alveolar-alveolar
still,S-T-IH1-L,C-C-V1-C,alveolar-alveolar-tongue-lateral
few,F-Y-UW1,C-C-V1,labiodental-velar-tongue
banned,B-AE1-N-D,C-V1-C-C,bilabial-tongue-alveolar-alveolar
false,F-AO1-L-S,C-VV1-C-C,labiodental-tongue-lateral-alveolar
barred,B-AA1-R-D,C-V1-C-C,bilabial-tongue-alveolar-alveolar
dipped,D-IH1-P-T,C-V1-C-C,alveolar-tongue-bilabial-alveolar
aloft,AH0-L-AO1-F-T,V0-C-VV1-C-C,tongue-lateral-tongue-labiodental-alveolar
mob,M-AA1-B,C-V1-C,bilabial-tongue-bilabial
arm,AA1-R-M,V1-C-C,tongue-alveolar-bilabial
orchid,AO1-R-K-AH0-D,VV1-C-C-V0-C,tongue-alveolar-velar-tongue-alveolar
beetle,B-IY1-T-AH0-L,C-V1-C-V0-C,bilabial-tongue-alveolar-tongue-lateral
pedal,P-EH1-D-AH0-L,C-V1-C-V0-C,bilabial-tongue-alveolar-tongue-lateral
foot,F-UH1-T,C-V1-C,labiodental-tongue-alveolar
landing,L-AE1-N-D-IH0-NG,C-V1-C-C-V0-C,lateral-tongue-alveolar-alveolar-tongue-velar
theft,TH-EH1-F-T,C-V1-C-C,interdental-tongue-labiodental-alveolar
pin,P-IH1-N,C-V1-C,bilabial-tongue-alveolar
secret,S-IY1-K-R-AH0-T,C-V1-C-C-V0-C,alveolar-tongue-velar-alveolar-tongue-alveolar
vast,V-AE1-S-T,C-V1-C-C,labiodental-tongue-alveolar-alveolar
farm,F-AA1-R-M,C-V1-C-C,labiodental-tongue-alveolar-bilabial
flax,F-L-AE1-K-S,C-C-V1-C-C,labiodental-lateral-tongue-velar-alveolar
pit,P-IH1-T,C-V1-C,bilabial-tongue-alveolar
cause,K-AA1-Z,C-V1-C,velar-tongue-alveolar
leaf,L-IY1-F,C-V1-C,lateral-tongue-labiodental
spin,S-P-IH1-N,C-C-V1-C,alveolar-bilabial-tongue-alveolar
cheap,CH-IY1-P,C-V1-C,palatoalveolar-tongue-bilabial
flashy,F-L-AE1-SH-IY0,C-C-V1-C-V0,labiodental-lateral-tongue-palatoalveolar-tongue
thing,TH-IH1-NG,C-V1-C,interdental-tongue-velar
despair,D-IH0-S-P-EH1-R,C-V0-C-C-V1-C,alveolar-tongue-alveolar-bilabial-tongue-alveolar
ends,EH1-N-D-Z,V1-C-C-C,tongue-alveolar-alveolar-alveolar
pickles,P-IH1-K-AH0-L-Z,C-V1-C-V0-C-C,bilabial-tongue-velar-tongue-lateral-alveolar
farmer,F-AA1-R-M-ER0,C-V1-C-C-V0,labiodental-tongue-alveolar-bilabial-tongue
fix,F-IH1-K-S,C-V1-C-C,labiodental-tongue-velar-alveolar
method,M-EH1-TH-AH0-D,C-V1-C-V0-C,bilabial-tongue-interdental-tongue-alveolar
speech,S-P-IY1-CH,C-C-V1-C,alveolar-bilabial-tongue-palatoalveolar
alarm,AH0-L-AA1-R-M,V0-C-V1-C-C,tongue-lateral-tongue-alveolar-bilabial
meter,M-IY1-T-ER0,C-V1-C-V0,bilabial-tongue-alveolar-tongue
says,S-EH1-Z,C-V1-C,alveolar-tongue-alveolar
neon,N-IY1-AA0-N,C-V1-V0-C,alveolar-tongue-tongue-alveolar
clams,K-L-AE1-M-Z,C-C-V1-C-C,velar-lateral-tongue-bilabial-alveolar
fan,F-AE1-N,C-V1-C,labiodental-tongue-alveolar
softly,S-AO1-F-T-L-IY0,C-VV1-C-C-C-V0,alveolar-tongue-labiodental-alveolar-lateral-tongue
edges,EH1-JH-AH0-Z,V1-C-V0-C,tongue-palatoalveolar-tongue-alveolar
matters,M-AE1-T-ER0-Z,C-V1-C-V0-C,bilabial-tongue-alveolar-tongue-alveolar
leather,L-EH1-DH-ER0,C-V1-C-V0,lateral-tongue-interdental-tongue
dam,D-AE1-M,C-V1-C,alveolar-tongue-bilabial
caused,K-AA1-Z-D,C-V1-C-C,velar-tongue-alveolar-alveolar
sockets,S-AA1-K-AH0-T-S,C-V1-C-V0-C-C,alveolar-tongue-velar-tongue-alveolar-alveolar
spark,S-P-AA1-R-K,C-C-V1-C-C,alveolar-bilabial-tongue-alveolar-velar
sword,S-AO1-R-D,C-VV1-C-C,alveolar-tongue-alveolar-alveolar
footprints,F-UH1-T-P-R-IH2-N-T-S,C-V1-C-C-C-V2-C-C-C,labiodental-tongue-alveolar-bilabial-alveolar-tongue-alveolar-alveolar-alveolar
vent,V-EH1-N-T,C-V1-C-C,labiodental-tongue-alveolar-alveolar
band,B-AE1-N-D,C-V1-C-C,bilabial-tongue-alveolar-alveolar
steel,S-T-IY1-L,C-C-V1-C,alveolar-alveolar-tongue-lateral
ditch,D-IH1-CH,C-V1-C,alveolar-tongue-palatoalveolar
mass,M-AE1-S,C-V1-C,bilabial-tongue-alveolar
hidden,HH-IH1-D-AH0-N,C-V1-C-V0-C,pharyngeal-tongue-alveolar-tongue-alveolar
step,S-T-EH1-P,C-C-V1-C,alveolar-alveolar-tongue-bilabial
outdoors,AW1-T-D-AO1-R-Z,VV1-C-C-VV1-C-C,tongue-alveolar-alveolar-tongue-alveolar-alveolar
ears,IH1-R-Z,V1-C-C,tongue-alveolar-alveolar
hammer,HH-AE1-M-ER0,C-V1-C-V0,pharyngeal-tongue-bilabial-tongue
speaks,S-P-IY1-K-S,C-C-V1-C-C,alveolar-bilabial-tongue-velar-alveolar
cartridge,K-AA1-R-T-R-AH0-JH,C-V1-C-C-C-V0-C,velar-tongue-alveolar-alveolar-alveolar-tongue-palatoalveolar
gun,G-AH1-N,C-V1-C,velar-tongue-alveolar
kids,K-IH1-D-Z,C-V1-C-C,velar-tongue-alveolar-alveolar
public,P-AH1-B-L-IH0-K,C-V1-C-C-V0-C,bilabial-tongue-bilabial-lateral-tongue-velar
constant,K-AA1-N-S-T-AH0-N-T,C-V1-C-C-C-V0-C-C,velar-tongue-alveolar-alveolar-alveolar-tongue-alveolar-alveolar
sever,S-EH1-V-ER0,C-V1-C-V0,alveolar-tongue-labiodental-tongue
snip,S-N-IH1-P,C-C-V1-C,alveolar-alveolar-tongue-bilabial
sullen,S-AH1-L-AH0-N,C-V1-C-V0-C,alveolar-tongue-lateral-tongue-alveolar
piece,P-IY1-S,C-V1-C,bilabial-tongue-alveolar
stiff,S-T-IH1-F,C-C-V1-C,alveolar-alveolar-tongue-labiodental
fund,F-AH1-N-D,C-V1-C-C,labiodental-tongue-alveolar-alveolar
choose,CH-UW1-Z,C-V1-C,palatoalveolar-tongue-alveolar
plea,P-L-IY1,C-C-V1,bilabial-lateral-tongue
again,AH0-G-EH1-N,V0-C-V1-C,tongue-velar-tongue-alveolar
lent,L-EH1-N-T,C-V1-C-C,lateral-tongue-alveolar-alveolar
gaunt,G-AO1-N-T,C-VV1-C-C,velar-tongue-alveolar-alveolar
happen,HH-AE1-P-AH0-N,C-V1-C-V0-C,pharyngeal-tongue-bilabial-tongue-alveolar
duke,D-UW1-K,C-V1-C,alveolar-tongue-velar
park,P-AA1-R-K,C-V1-C-C,bilabial-tongue-alveolar-velar
guests,G-EH1-S-T-S,C-V1-C-C-C,velar-tongue-alveolar-alveolar-alveolar
fierce,F-IH1-R-S,C-V1-C-C,labiodental-tongue-alveolar-alveolar
comes,K-AH1-M-Z,C-V1-C-C,velar-tongue-bilabial-alveolar
lofty,L-AO1-F-T-IY0,C-VV1-C-C-V0,lateral-tongue-labiodental-alveolar-tongue
lush,L-AH1-SH,C-V1-C,lateral-tongue-palatoalveolar
children,CH-IH1-L-D-R-AH0-N,C-V1-C-C-C-V0-C,palatoalveolar-tongue-lateral-alveolar-alveolar-tongue-alveolar
team,T-IY1-M,C-V1-C,alveolar-tongue-bilabial
looks,L-UH1-K-S,C-V1-C-C,lateral-tongue-velar-alveolar
ox,AA1-K-S,V1-C-C,tongue-velar-alveolar
sit,S-IH1-T,C-V1-C,alveolar-tongue-alveolar
steep,S-T-IY1-P,C-C-V1-C,alveolar-alveolar-tongue-bilabial
for,F-AO1-R,C-VV1-C,labiodental-tongue-alveolar
moves,M-UW1-V-Z,C-V1-C-C,bilabial-tongue-labiodental-alveolar
moss,M-AO1-S,C-VV1-C,bilabial-tongue-alveolar
northern,N-AO1-R-DH-ER0-N,C-VV1-C-C-V0-C,alveolar-tongue-alveolar-interdental-tongue-alveolar
pitch,P-IH1-CH,C-V1-C,bilabial-tongue-palatoalveolar
latch,L-AE1-CH,C-V1-C,lateral-tongue-palatoalveolar
goose,G-UW1-S,C-V1-C,velar-tongue-alveolar
sink,S-IH1-NG-K,C-V1-C-C,alveolar-tongue-velar-velar
dishes,D-IH1-SH-AH0-Z,C-V1-C-V0-C,alveolar-tongue-palatoalveolar-tongue-alveolar
cure,K-Y-UH1-R,C-C-V1-C,velar-velar-tongue-alveolar
stubborn,S-T-AH1-B-ER0-N,C-C-V1-C-V0-C,alveolar-alveolar-tongue-bilabial-tongue-alveolar
facts,F-AE1-K-T-S,C-V1-C-C-C,labiodental-tongue-velar-alveolar-alveolar
flaps,F-L-AE1-P-S,C-C-V1-C-C,labiodental-lateral-tongue-bilabial-alveolar
fleet,F-L-IY1-T,C-C-V1-C,labiodental-lateral-tongue-alveolar
loop,L-UW1-P,C-V1-C,lateral-tongue-bilabial
tear,T-EH1-R,C-V1-C,alveolar-tongue-alveolar
pad,P-AE1-D,C-V1-C,bilabial-tongue-alveolar
sleek,S-L-IY1-K,C-C-V1-C,alveolar-lateral-tongue-velar
color,K-AH1-L-ER0,C-V1-C-V0,velar-tongue-lateral-tongue
miss,M-IH1-S,C-V1-C,bilabial-tongue-alveolar
kits,K-IH1-T-S,C-V1-C-C,velar-tongue-alveolar-alveolar
pack,P-AE1-K,C-V1-C,bilabial-tongue-velar
settle,S-EH1-T-AH0-L,C-V1-C-V0-C,alveolar-tongue-alveolar-tongue-lateral
peg,P-EH1-G,C-V1-C,bilabial-tongue-velar
skin,S-K-IH1-N,C-C-V1-C,alveolar-velar-tongue-alveolar
jangled,JH-AE1-NG-G-AH0-L-D,C-V1-C-C-V0-C-C,palatoalveolar-tongue-velar-velar-tongue-lateral-alveolar
slam,S-L-AE1-M,C-C-V1-C,alveolar-lateral-tongue-bilabial
maps,M-AE1-P-S,C-V1-C-C,bilabial-tongue-bilabial-alveolar
different,D-IH1-F-ER0-AH0-N-T,C-V1-C-V0-V0-C-C,alveolar-tongue-labiodental-tongue-tongue-alveolar-alveolar
tunes,T-UW1-N-Z,C-V1-C-C,alveolar-tongue-alveolar-alveolar
tinged,T-IH1-NG-D,C-V1-C-C,alveolar-tongue-velar-alveolar
orange,AO1-R-AH0-N-JH,VV1-C-V0-C-C,tongue-alveolar-tongue-alveolar-palatoalveolar
pods,P-AA1-D-Z,C-V1-C-C,bilabial-tongue-alveolar-alveolar
ferment,F-ER0-M-EH1-N-T,C-V0-C-V1-C-C,labiodental-tongue-bilabial-tongue-alveolar-alveolar
fields,F-IY1-L-D-Z,C-V1-C-C-C,labiodental-tongue-lateral-alveolar-alveolar
balked,B-AO1-K-T,C-VV1-C-C,bilabial-tongue-velar-alveolar
hitch,HH-IH1-CH,C-V1-C,pharyngeal-tongue-palatoalveolar
shed,SH-EH1-D,C-V1-C,palatoalveolar-tongue-alveolar
sheath,SH-IY1-TH,C-V1-C,palatoalveolar-tongue-interdental
slant,S-L-AE1-N-T,C-C-V1-C-C,alveolar-lateral-tongue-alveolar-alveolar
smatter,S-M-AE1-T-ER0,C-C-V1-C-V0,alveolar-bilabial-tongue-alveolar-tongue
none,N-AH1-N,C-V1-C,alveolar-tongue-alveolar
contest,K-AA1-N-T-EH0-S-T,C-V1-C-C-V0-C-C,velar-tongue-alveolar-alveolar-tongue-alveolar-alveolar
tang,T-AE1-NG,C-V1-C,alveolar-tongue-velar
salty,S-AO1-L-T-IY0,C-VV1-C-C-V0,alveolar-tongue-lateral-alveolar-tongue
cod,K-AA1-D,C-V1-C,velar-tongue-alveolar
business,B-IH1-Z-N-AH0-S,C-V1-C-C-V0-C,bilabial-tongue-alveolar-alveolar-tongue-alveolar
slab,S-L-AE1-B,C-C-V1-C,alveolar-lateral-tongue-bilabial
hewn,HH-Y-UW1-N,C-C-V1-C,pharyngeal-velar-tongue-alveolar
dunk,D-AH1-NG-K,C-V1-C-C,alveolar-tongue-velar-velar
biscuits,B-IH1-S-K-AH0-T-S,C-V1-C-C-V0-C-C,bilabial-tongue-alveolar-velar-tongue-alveolar-alveolar
tinsel,T-IH1-N-S-AH0-L,C-V1-C-C-V0-C,alveolar-tongue-alveolar-alveolar-tongue-lateral
missed,M-IH1-S-T,C-V1-C-C,bilabial-tongue-alveolar-alveolar
pick,P-IH1-K,C-V1-C,bilabial-tongue-velar
card,K-AA1-R-D,C-V1-C-C,velar-tongue-alveolar-alveolar
informs,IH2-N-F-AO1-R-M-Z,V2-C-C-VV1-C-C-C,tongue-alveolar-labiodental-tongue-alveolar-bilabial-alveolar
ought,AO1-T,VV1-C,tongue-alveolar
batches,B-AE1-CH-AH0-Z,C-V1-C-V0-C,bilabial-tongue-palatoalveolar-tongue-alveolar
mantel,M-AE1-N-T-AH0-L,C-V1-C-C-V0-C,bilabial-tongue-alveolar-alveolar-tongue-lateral
shift,SH-IH1-F-T,C-V1-C-C,palatoalveolar-tongue-labiodental-alveolar
extra,EH1-K-S-T-R-AH0,V1-C-C-C-C-V0,tongue-velar-alveolar-alveolar-alveolar-tongue
dim,D-IH1-M,C-V1-C,alveolar-tongue-bilabial
scoot,S-K-UW1-T,C-C-V1-C,alveolar-velar-tongue-alveolar
job,JH-AA1-B,C-V1-C,palatoalveolar-tongue-bilabial
admit,AH0-D-M-IH1-T,V0-C-C-V1-C,tongue-alveolar-bilabial-tongue-alveolar
faults,F-AO1-L-T-S,C-VV1-C-C-C,labiodental-tongue-lateral-alveolar-alveolar
stuffed,S-T-AH1-F-T,C-C-V1-C-C,alveolar-alveolar-tongue-labiodental-alveolar
moving,M-UW1-V-IH0-NG,C-V1-C-V0-C,bilabial-tongue-labiodental-tongue-velar
van,V-AE1-N,C-V1-C,labiodental-tongue-alveolar
stitch,S-T-IH1-CH,C-C-V1-C,alveolar-alveolar-tongue-palatoalveolar
shortened,SH-AO1-R-T-AH0-N-D,C-VV1-C-C-V0-C-C,palatoalveolar-tongue-alveolar-alveolar-tongue-alveolar-alveolar
pocket,P-AA1-K-AH0-T,C-V1-C-V0-C,bilabial-tongue-velar-tongue-alveolar
gloss,G-L-AO1-S,C-C-VV1-C,velar-lateral-tongue-alveolar
unfit,AH0-N-F-IH1-T,V0-C-C-V1-C,tongue-alveolar-labiodental-tongue-alveolar
pattered,P-AE1-T-ER0-D,C-V1-C-V0-C,bilabial-tongue-alveolar-tongue-alveolar
stamped,S-T-AE1-M-P-T,C-C-V1-C-C-C,alveolar-alveolar-tongue-bilabial-bilabial-alveolar
sheets,SH-IY1-T-S,C-V1-C-C,palatoalveolar-tongue-alveolar-alveolar
jammed,JH-AE1-M-D,C-V1-C-C,palatoalveolar-tongue-bilabial-alveolar
error,EH1-R-ER0,V1-C-V0,tongue-alveolar-tongue
judge,JH-AH1-JH,C-V1-C,palatoalveolar-tongue-palatoalveolar
collapse,K-AH0-L-AE1-P-S,C-V0-C-V1-C-C,velar-tongue-lateral-tongue-bilabial-alveolar
match,M-AE1-CH,C-V1-C,bilabial-tongue-palatoalveolar
jell,JH-EH1-L,C-V1-C,palatoalveolar-tongue-lateral
puts,P-UH1-T-S,C-V1-C-C,bilabial-tongue-alveolar-alveolar
bombs,B-AA1-M-Z,C-V1-C-C,bilabial-tongue-bilabial-alveolar
stare,S-T-EH1-R,C-C-V1-C,alveolar-alveolar-tongue-alveolar
leash,L-IY1-SH,C-V1-C,lateral-tongue-palatoalveolar
feline,F-IY1-L-AY2-N,C-V1-C-VV2-C,labiodental-tongue-lateral-tongue-alveolar
net,N-EH1-T,C-V1-C,alveolar-tongue-alveolar
dip,D-IH1-P,C-V1-C,alveolar-tongue-bilabial
please,P-L-IY1-Z,C-C-V1-C,bilabial-lateral-tongue-alveolar
answer,AE1-N-S-ER0,V1-C-C-V0,tongue-alveolar-alveolar-tongue
heir,EH1-R,V1-C,tongue-alveolar
dew,D-UW1,C-V1,alveolar-tongue
tore,T-AO1-R,C-VV1-C,alveolar-tongue-alveolar
called,K-AO1-L-D,C-VV1-C-C,velar-tongue-lateral-alveolar
hear,HH-IY1-R,C-V1-C,pharyngeal-tongue-alveolar
depth,D-EH1-P-TH,C-V1-C-C,alveolar-tongue-bilabial-interdental
chicken,CH-IH1-K-AH0-N,C-V1-C-V0-C,palatoalveolar-tongue-velar-tongue-alveolar
clear,K-L-IH1-R,C-C-V1-C,velar-lateral-tongue-alveolar
kick,K-IH1-K,C-V1-C,velar-tongue-velar
helps,HH-EH1-L-P-S,C-V1-C-C-C,pharyngeal-tongue-lateral-bilabial-alveolar
perfect,P-ER0-F-EH1-K-T,C-V0-C-V1-C-C,bilabial-tongue-labiodental-tongue-velar-alveolar
very,V-EH1-R-IY0,C-V1-C-V0,labiodental-tongue-alveolar-tongue
tool,T-UW1-L,C-V1-C,alveolar-tongue-lateral
boards,B-AO1-R-D-Z,C-VV1-C-C-C,bilabial-tongue-alveolar-alveolar-alveolar
hardly,HH-AA1-R-D-L-IY0,C-V1-C-C-C-V0,pharyngeal-tongue-alveolar-alveolar-lateral-tongue
year,Y-IH1-R,C-V1-C,velar-tongue-alveolar
bill,B-IH1-L,C-V1-C,bilabial-tongue-lateral
slang,S-L-AE1-NG,C-C-V1-C,alveolar-lateral-tongue-velar
been,B-IH1-N,C-V1-C,bilabial-tongue-alveolar
level,L-EH1-V-AH0-L,C-V1-C-V0-C,lateral-tongue-labiodental-tongue-lateral
skill,S-K-IH1-L,C-C-V1-C,alveolar-velar-tongue-lateral
littered,L-IH1-T-ER0-D,C-V1-C-V0-C,lateral-tongue-alveolar-tongue-alveolar
cent,S-EH1-N-T,C-V1-C-C,alveolar-tongue-alveolar-alveolar
column,K-AA1-L-AH0-M,C-V1-C-V0-C,velar-tongue-lateral-tongue-bilabial
cobs,K-AA1-B-Z,C-V1-C-C,velar-tongue-bilabial-alveolar
gift,G-IH1-F-T,C-V1-C-C,velar-tongue-labiodental-alveolar
lure,L-UH1-R,C-V1-C,lateral-tongue-alveolar
doorknob,D-UW1-R-N-AA0-B,C-V1-C-C-V0-C,alveolar-tongue-alveolar-alveolar-tongue-bilabial
cheat,CH-IY1-T,C-V1-C,palatoalveolar-tongue-alveolar
snapper,S-N-AE1-P-ER0,C-C-V1-C-V0,alveolar-alveolar-tongue-bilabial-tongue
middle,M-IH1-D-AH0-L,C-V1-C-V0-C,bilabial-tongue-alveolar-tongue-lateral
canned,K-AE1-N-D,C-V1-C-C,velar-tongue-alveolar-alveolar
closet,K-L-AA1-Z-AH0-T,C-C-V1-C-V0-C,velar-lateral-tongue-alveolar-tongue-alveolar
stalk,S-T-AO1-K,C-C-VV1-C,alveolar-alveolar-tongue-velar
fallen,F-AA1-L-AH0-N,C-V1-C-V0-C,labiodental-tongue-lateral-tongue-alveolar
heap,HH-IY1-P,C-V1-C,pharyngeal-tongue-bilabial
barrel,B-AE1-R-AH0-L,C-V1-C-V0-C,bilabial-tongue-alveolar-tongue-lateral
copper,K-AA1-P-ER0,C-V1-C-V0,velar-tongue-bilabial-tongue
clan,K-L-AE1-N,C-C-V1-C,velar-lateral-tongue-alveolar
comfort,K-AH1-M-F-ER0-T,C-V1-C-C-V0-C,velar-tongue-bilabial-labiodental-tongue-alveolar
endure,EH0-N-D-Y-UH1-R,V0-C-C-C-V1-C,tongue-alveolar-alveolar-velar-tongue-alveolar
thaw,TH-AO1,C-VV1,interdental-tongue
key,K-IY1,C-V1,velar-tongue
tend,T-EH1-N-D,C-V1-C-C,alveolar-tongue-alveolar-alveolar
mix,M-IH1-K-S,C-V1-C-C,bilabial-tongue-velar-alveolar
pleasant,P-L-EH1-Z-AH0-N-T,C-C-V1-C-V0-C-C,bilabial-lateral-tongue-alveolar-tongue-alveolar-alveolar
peddler,P-EH1-D-L-ER0,C-V1-C-C-V0,bilabial-tongue-alveolar-lateral-tongue
touch,T-AH1-CH,C-V1-C,alveolar-tongue-palatoalveolar
pal,P-AE1-L,C-V1-C,bilabial-tongue-lateral
sausage,S-AO1-S-AH0-JH,C-VV1-C-V0-C,alveolar-tongue-alveolar-tongue-palatoalveolar
sank,S-AE1-NG-K,C-V1-C-C,alveolar-tongue-velar-velar
flew,F-L-UW1,C-C-V1,labiodental-lateral-tongue
youth,Y-UW1-TH,C-V1-C,velar-tongue-interdental
lived,L-IH1-V-D,C-V1-C-C,lateral-tongue-labiodental-alveolar
sip,S-IH1-P,C-V1-C,alveolar-tongue-bilabial
equal,IY1-K-W-AH0-L,V1-C-C-V0-C,tongue-velar-labiovelar-tongue-lateral
packed,P-AE1-K-T,C-V1-C-C,bilabial-tongue-velar-alveolar
shelter,SH-EH1-L-T-ER0,C-V1-C-C-V0,palatoalveolar-tongue-lateral-alveolar-tongue
locked,L-AA1-K-T,C-V1-C-C,lateral-tongue-velar-alveolar
shall,SH-AE1-L,C-V1-C,palatoalveolar-tongue-lateral
shield,SH-IY1-L-D,C-V1-C-C,palatoalveolar-tongue-lateral-alveolar
blushed,B-L-AH1-SH-T,C-C-V1-C-C,bilabial-lateral-tongue-palatoalveolar-alveolar
sandy,S-AE1-N-D-IY0,C-V1-C-C-V0,alveolar-tongue-alveolar-alveolar-tongue
partner,P-AA1-R-T-N-ER0,C-V1-C-C-C-V0,bilabial-tongue-alveolar-alveolar-alveolar-tongue
bid,B-IH1-D,C-V1-C,bilabial-tongue-alveolar
scare,S-K-EH1-R,C-C-V1-C,alveolar-velar-tongue-alveolar
peep,P-IY1-P,C-V1-C,bilabial-tongue-bilabial
dill,D-IH1-L,C-V1-C,alveolar-tongue-lateral
fill,F-IH1-L,C-V1-C,labiodental-tongue-lateral
board,B-AO1-R-D,C-VV1-C-C,bilabial-tongue-alveolar-alveolar
mule,M-Y-UW1-L,C-C-V1-C,bilabial-velar-tongue-lateral
package,P-AE1-K-AH0-JH,C-V1-C-V0-C,bilabial-tongue-velar-tongue-palatoalveolar
flickered,F-L-IH1-K-ER0-D,C-C-V1-C-V0-C,labiodental-lateral-tongue-velar-tongue-alveolar
tumbles,T-AH1-M-B-AH0-L-Z,C-V1-C-C-V0-C-C,alveolar-tongue-bilabial-bilabial-tongue-lateral-alveolar
market,M-AA1-R-K-AH0-T,C-V1-C-C-V0-C,bilabial-tongue-alveolar-velar-tongue-alveolar
calves,K-AE1-V-Z,C-V1-C-C,velar-tongue-labiodental-alveolar
sang,S-AE1-NG,C-V1-C,alveolar-tongue-velar
dots,D-AA1-T-S,C-V1-C-C,alveolar-tongue-alveolar-alveolar
luggage,L-AH1-G-AH0-JH,C-V1-C-V0-C,lateral-tongue-velar-tongue-palatoalveolar
narrow,N-EH1-R-OW0,C-V1-C-VV0,alveolar-tongue-alveolar-tongue
errand,EH1-R-AH0-N-D,V1-C-V0-C-C,tongue-alveolar-tongue-alveolar-alveolar
shell,SH-EH1-L,C-V1-C,palatoalveolar-tongue-lateral
severe,S-AH0-V-IH1-R,C-V0-C-V1-C,alveolar-tongue-labiodental-tongue-alveolar
limp,L-IH1-M-P,C-V1-C-C,lateral-tongue-bilabial-bilabial
living,L-IH1-V-IH0-NG,C-V1-C-V0-C,lateral-tongue-labiodental-tongue-velar
weeks,W-IY1-K-S,C-V1-C-C,labiovelar-tongue-velar-alveolar
sleeping,S-L-IY1-P-IH0-NG,C-C-V1-C-V0-C,alveolar-lateral-tongue-bilabial-tongue-velar
peel,P-IY1-L,C-V1-C,bilabial-tongue-lateral
limb,L-IH1-M,C-V1-C,lateral-tongue-bilabial
blew,B-L-UW1,C-C-V1,bilabial-lateral-tongue
simplest,S-IH1-M-P-L-AH0-S-T,C-V1-C-C-C-V0-C-C,alveolar-tongue-bilabial-bilabial-lateral-tongue-alveolar-alveolar
feel,F-IY1-L,C-V1-C,labiodental-tongue-lateral
marble,M-AA1-R-B-AH0-L,C-V1-C-C-V0-C,bilabial-tongue-alveolar-bilabial-tongue-lateral
kindle,K-IH1-N-D-AH0-L,C-V1-C-C-V0-C,velar-tongue-alveolar-alveolar-tongue-lateral
schools,S-K-UW1-L-Z,C-C-V1-C-C,alveolar-velar-tongue-lateral-alveolar
built,B-IH1-L-T,C-V1-C-C,bilabial-tongue-lateral-alveolar
hero,HH-IH1-R-OW0,C-V1-C-VV0,pharyngeal-tongue-alveolar-tongue
filled,F-IH1-L-D,C-V1-C-C,labiodental-tongue-lateral-alveolar
scarce,S-K-EH1-R-S,C-C-V1-C-C,alveolar-velar-tongue-alveolar-alveolar
years,Y-IH1-R-Z,C-V1-C-C,velar-tongue-alveolar-alveolar
sticky,S-T-IH1-K-IY0,C-C-V1-C-V0,alveolar-alveolar-tongue-velar-tongue
clink,K-L-IH1-NG-K,C-C-V1-C-C,velar-lateral-tongue-velar-velar
penny,P-EH1-N-IY0,C-V1-C-V0,bilabial-tongue-alveolar-tongue
lingers,L-IH1-NG-G-ER0-Z,C-V1-C-C-V0-C,lateral-tongue-velar-velar-tongue-alveolar
health,HH-EH1-L-TH,C-V1-C-C,pharyngeal-tongue-lateral-interdental
sills,S-IH1-L-Z,C-V1-C-C,alveolar-tongue-lateral-alveolar
slipped,S-L-IH1-P-T,C-C-V1-C-C,alveolar-lateral-tongue-bilabial-alveolar
buckle,B-AH1-K-AH0-L,C-V1-C-V0-C,bilabial-tongue-velar-tongue-lateral
neck,N-EH1-K,C-V1-C,alveolar-tongue-velar
bills,B-IH1-L-Z,C-V1-C-C,bilabial-tongue-lateral-alveolar
clips,K-L-IH1-P-S,C-C-V1-C-C,velar-lateral-tongue-bilabial-alveolar
tilted,T-IH1-L-T-IH0-D,C-V1-C-C-V0-C,alveolar-tongue-lateral-alveolar-tongue-alveolar
seals,S-IY1-L-Z,C-V1-C-C,alveolar-tongue-lateral-alveolar
meal,M-IY1-L,C-V1-C,bilabial-tongue-lateral
fool,F-UW1-L,C-V1-C,labiodental-tongue-lateral
split,S-P-L-IH1-T,C-C-C-V1-C,alveolar-bilabial-lateral-tongue-alveolar
cherish,CH-EH1-R-IH0-SH,C-V1-C-V0-C,palatoalveolar-tongue-alveolar-tongue-palatoalveolar
cook,K-UH1-K,C-V1-C,velar-tongue-velar
smuggled,S-M-AH1-G-AH0-L-D,C-C-V1-C-V0-C-C,alveolar-bilabial-tongue-velar-tongue-lateral-alveolar
colored,K-AH1-L-ER0-D,C-V1-C-V0-C,velar-tongue-lateral-tongue-alveolar
chink,CH-IH1-NG-K,C-V1-C-C,palatoalveolar-tongue-velar-velar
little,L-IH1-T-AH0-L,C-V1-C-V0-C,lateral-tongue-alveolar-tongue-lateral
else,EH1-L-S,V1-C-C,tongue-lateral-alveolar
party,P-AA1-R-T-IY0,C-V1-C-C-V0,bilabial-tongue-alveolar-alveolar-tongue
hang,HH-AE1-NG,C-V1-C,pharyngeal-tongue-velar
bushes,B-UH1-SH-AH0-Z,C-V1-C-V0-C,bilabial-tongue-palatoalveolar-tongue-alveolar
spilled,S-P-IH1-L-D,C-C-V1-C-C,alveolar-bilabial-tongue-lateral-alveolar
either,IY1-DH-ER0,V1-C-V0,tongue-interdental-tongue
mumble,M-AH1-M-B-AH0-L,C-V1-C-C-V0-C,bilabial-tongue-bilabial-bilabial-tongue-lateral
length,L-EH1-NG-K-TH,C-V1-C-C-C,lateral-tongue-velar-velar-interdental
held,HH-EH1-L-D,C-V1-C-C,pharyngeal-tongue-lateral-alveolar
spring,S-P-R-IH1-NG,C-C-C-V1-C,alveolar-bilabial-alveolar-tongue-velar
help,HH-EH1-L-P,C-V1-C-C,pharyngeal-tongue-lateral-bilabial
silver,S-IH1-L-V-ER0,C-V1-C-C-V0,alveolar-tongue-lateral-labiodental-tongue
x,EH1-K-S,V1-C-C,tongue-velar-alveolar
healthy,HH-EH1-L-TH-IY0,C-V1-C-C-V0,pharyngeal-tongue-lateral-interdental-tongue
hill,HH-IH1-L,C-V1-C,pharyngeal-tongue-lateral
does,D-AH1-Z,C-V1-C,alveolar-tongue-alveolar
silk,S-IH1-L-K,C-V1-C-C,alveolar-tongue-lateral-velar
hilt,HH-IH1-L-T,C-V1-C-C,pharyngeal-tongue-lateral-alveolar
